#include <pgmspace.h>

const uint8_t fagundes_logo[] PROGMEM = {
    0xFF, 0xD8, 0xFF, 0xE0, 0x00, 0x10, 0x4A, 0x46, 0x49, 0x46, 0x00, 0x01, 0x01, 0x00, 0x00, 0x01,
    0x00, 0x01, 0x00, 0x00, 0xFF, 0xDB, 0x00, 0x43, 0x00, 0x02, 0x01, 0x01, 0x01, 0x01, 0x01, 0x02,
    0x01, 0x01, 0x01, 0x02, 0x02, 0x02, 0x02, 0x02, 0x04, 0x03, 0x02, 0x02, 0x02, 0x02, 0x05, 0x04,
    0x04, 0x03, 0x04, 0x06, 0x05, 0x06, 0x06, 0x06, 0x05, 0x06, 0x06, 0x06, 0x07, 0x09, 0x08, 0x06,
    0x07, 0x09, 0x07, 0x06, 0x06, 0x08, 0x0B, 0x08, 0x09, 0x0A, 0x0A, 0x0A, 0x0A, 0x0A, 0x06, 0x08,
    0x0B, 0x0C, 0x0B, 0x0A, 0x0C, 0x09, 0x0A, 0x0A, 0x0A, 0xFF, 0xDB, 0x00, 0x43, 0x01, 0x02, 0x02,
    0x02, 0x02, 0x02, 0x02, 0x05, 0x03, 0x03, 0x05, 0x0A, 0x07, 0x06, 0x07, 0x0A, 0x0A, 0x0A, 0x0A,
    0x0A, 0x0A, 0x0A, 0x0A, 0x0A, 0x0A, 0x0A, 0x0A, 0x0A, 0x0A, 0x0A, 0x0A, 0x0A, 0x0A, 0x0A, 0x0A,
    0x0A, 0x0A, 0x0A, 0x0A, 0x0A, 0x0A, 0x0A, 0x0A, 0x0A, 0x0A, 0x0A, 0x0A, 0x0A, 0x0A, 0x0A, 0x0A,
    0x0A, 0x0A, 0x0A, 0x0A, 0x0A, 0x0A, 0x0A, 0x0A, 0x0A, 0x0A, 0x0A, 0x0A, 0x0A, 0x0A, 0xFF, 0xC0,
    0x00, 0x11, 0x08, 0x01, 0xE0, 0x01, 0x40, 0x03, 0x01, 0x22, 0x00, 0x02, 0x11, 0x01, 0x03, 0x11,
    0x01, 0xFF, 0xC4, 0x00, 0x1F, 0x00, 0x00, 0x01, 0x05, 0x01, 0x01, 0x01, 0x01, 0x01, 0x01, 0x00,
    0x00, 0x00, 0x00, 0x00, 0x00, 0x00, 0x00, 0x01, 0x02, 0x03, 0x04, 0x05, 0x06, 0x07, 0x08, 0x09,
    0x0A, 0x0B, 0xFF, 0xC4, 0x00, 0xB5, 0x10, 0x00, 0x02, 0x01, 0x03, 0x03, 0x02, 0x04, 0x03, 0x05,
    0x05, 0x04, 0x04, 0x00, 0x00, 0x01, 0x7D, 0x01, 0x02, 0x03, 0x00, 0x04, 0x11, 0x05, 0x12, 0x21,
    0x31, 0x41, 0x06, 0x13, 0x51, 0x61, 0x07, 0x22, 0x71, 0x14, 0x32, 0x81, 0x91, 0xA1, 0x08, 0x23,
    0x42, 0xB1, 0xC1, 0x15, 0x52, 0xD1, 0xF0, 0x24, 0x33, 0x62, 0x72, 0x82, 0x09, 0x0A, 0x16, 0x17,
    0x18, 0x19, 0x1A, 0x25, 0x26, 0x27, 0x28, 0x29, 0x2A, 0x34, 0x35, 0x36, 0x37, 0x38, 0x39, 0x3A,
    0x43, 0x44, 0x45, 0x46, 0x47, 0x48, 0x49, 0x4A, 0x53, 0x54, 0x55, 0x56, 0x57, 0x58, 0x59, 0x5A,
    0x63, 0x64, 0x65, 0x66, 0x67, 0x68, 0x69, 0x6A, 0x73, 0x74, 0x75, 0x76, 0x77, 0x78, 0x79, 0x7A,
    0x83, 0x84, 0x85, 0x86, 0x87, 0x88, 0x89, 0x8A, 0x92, 0x93, 0x94, 0x95, 0x96, 0x97, 0x98, 0x99,
    0x9A, 0xA2, 0xA3, 0xA4, 0xA5, 0xA6, 0xA7, 0xA8, 0xA9, 0xAA, 0xB2, 0xB3, 0xB4, 0xB5, 0xB6, 0xB7,
    0xB8, 0xB9, 0xBA, 0xC2, 0xC3, 0xC4, 0xC5, 0xC6, 0xC7, 0xC8, 0xC9, 0xCA, 0xD2, 0xD3, 0xD4, 0xD5,
    0xD6, 0xD7, 0xD8, 0xD9, 0xDA, 0xE1, 0xE2, 0xE3, 0xE4, 0xE5, 0xE6, 0xE7, 0xE8, 0xE9, 0xEA, 0xF1,
    0xF2, 0xF3, 0xF4, 0xF5, 0xF6, 0xF7, 0xF8, 0xF9, 0xFA, 0xFF, 0xC4, 0x00, 0x1F, 0x01, 0x00, 0x03,
    0x01, 0x01, 0x01, 0x01, 0x01, 0x01, 0x01, 0x01, 0x01, 0x00, 0x00, 0x00, 0x00, 0x00, 0x00, 0x01,
    0x02, 0x03, 0x04, 0x05, 0x06, 0x07, 0x08, 0x09, 0x0A, 0x0B, 0xFF, 0xC4, 0x00, 0xB5, 0x11, 0x00,
    0x02, 0x01, 0x02, 0x04, 0x04, 0x03, 0x04, 0x07, 0x05, 0x04, 0x04, 0x00, 0x01, 0x02, 0x77, 0x00,
    0x01, 0x02, 0x03, 0x11, 0x04, 0x05, 0x21, 0x31, 0x06, 0x12, 0x41, 0x51, 0x07, 0x61, 0x71, 0x13,
    0x22, 0x32, 0x81, 0x08, 0x14, 0x42, 0x91, 0xA1, 0xB1, 0xC1, 0x09, 0x23, 0x33, 0x52, 0xF0, 0x15,
    0x62, 0x72, 0xD1, 0x0A, 0x16, 0x24, 0x34, 0xE1, 0x25, 0xF1, 0x17, 0x18, 0x19, 0x1A, 0x26, 0x27,
    0x28, 0x29, 0x2A, 0x35, 0x36, 0x37, 0x38, 0x39, 0x3A, 0x43, 0x44, 0x45, 0x46, 0x47, 0x48, 0x49,
    0x4A, 0x53, 0x54, 0x55, 0x56, 0x57, 0x58, 0x59, 0x5A, 0x63, 0x64, 0x65, 0x66, 0x67, 0x68, 0x69,
    0x6A, 0x73, 0x74, 0x75, 0x76, 0x77, 0x78, 0x79, 0x7A, 0x82, 0x83, 0x84, 0x85, 0x86, 0x87, 0x88,
    0x89, 0x8A, 0x92, 0x93, 0x94, 0x95, 0x96, 0x97, 0x98, 0x99, 0x9A, 0xA2, 0xA3, 0xA4, 0xA5, 0xA6,
    0xA7, 0xA8, 0xA9, 0xAA, 0xB2, 0xB3, 0xB4, 0xB5, 0xB6, 0xB7, 0xB8, 0xB9, 0xBA, 0xC2, 0xC3, 0xC4,
    0xC5, 0xC6, 0xC7, 0xC8, 0xC9, 0xCA, 0xD2, 0xD3, 0xD4, 0xD5, 0xD6, 0xD7, 0xD8, 0xD9, 0xDA, 0xE2,
    0xE3, 0xE4, 0xE5, 0xE6, 0xE7, 0xE8, 0xE9, 0xEA, 0xF2, 0xF3, 0xF4, 0xF5, 0xF6, 0xF7, 0xF8, 0xF9,
    0xFA, 0xFF, 0xDA, 0x00, 0x0C, 0x03, 0x01, 0x00, 0x02, 0x11, 0x03, 0x11, 0x00, 0x3F, 0x00, 0xFC,
    0xC7, 0xA2, 0x8A, 0x2B, 0xA0, 0xF3, 0xC2, 0x8A, 0x28, 0xA0, 0x02, 0x8A, 0x28, 0xA0, 0x02, 0x8A,
    0x28, 0xA0, 0x02, 0x8A, 0x28, 0xA0, 0x02, 0x8A, 0x28, 0xA0, 0x02, 0x8A, 0x28, 0xA0, 0x02, 0x8A,
    0x28, 0xA0, 0x02, 0x8A, 0x28, 0xA0, 0x02, 0x8A, 0x28, 0xA0, 0x02, 0x8A, 0x28, 0xA0, 0x02, 0x8A,
    0x28, 0xA0, 0x02, 0x8A, 0x28, 0xA0, 0x02, 0x8A, 0x28, 0xA0, 0x02, 0x8A, 0x28, 0xA0, 0x02, 0x8A,
    0x28, 0xA0, 0x02, 0x8A, 0x28, 0xA0, 0x02, 0x8A, 0x28, 0xA0, 0x02, 0x8A, 0x28, 0xA0, 0x02, 0x8A,
    0x28, 0xA0, 0x02, 0x8A, 0x28, 0xA0, 0x02, 0x8A, 0x28, 0xA0, 0x02, 0x8A, 0x28, 0xA0, 0x02, 0x8A,
    0x28, 0xA0, 0x02, 0x8A, 0x28, 0xA0, 0x02, 0x8A, 0x28, 0xA0, 0x02, 0x8A, 0x28, 0xA0, 0x02, 0x8A,
    0x28, 0xA0, 0x02, 0x8A, 0x28, 0xA0, 0x02, 0x8A, 0x28, 0xA0, 0x02, 0x8A, 0x28, 0xA0, 0x02, 0x8A,
    0x28, 0xA0, 0x02, 0x8A, 0x28, 0xA0, 0x02, 0x8A, 0x28, 0xA0, 0x02, 0x8A, 0x28, 0xA0, 0x02, 0x8A,
    0x28, 0xA0, 0x02, 0x8A, 0x28, 0xA0, 0x02, 0x8A, 0x28, 0xA0, 0x02, 0x8A, 0x28, 0xA0, 0x02, 0x8A,
    0x28, 0xA0, 0x02, 0x8A, 0x28, 0xA0, 0x02, 0x8A, 0x28, 0xA0, 0x02, 0x8A, 0x28, 0xA0, 0x02, 0x8A,
    0x28, 0xA0, 0x02, 0x8A, 0x28, 0xA0, 0x02, 0x8A, 0x28, 0xA0, 0x02, 0x8A, 0x28, 0xA0, 0x02, 0x8A,
    0x28, 0xA0, 0x02, 0x8A, 0x28, 0xA0, 0x02, 0x8A, 0x28, 0xA0, 0x02, 0x8A, 0x28, 0xA0, 0x02, 0x8A,
    0x28, 0xA0, 0x02, 0x8A, 0x28, 0xA0, 0x02, 0x8A, 0x28, 0xA0, 0x02, 0x8A, 0x28, 0xA0, 0x02, 0x8A,
    0x28, 0xA0, 0x02, 0x8A, 0x28, 0xA0, 0x02, 0x8A, 0x28, 0xA0, 0x02, 0x8A, 0x28, 0xA0, 0x02, 0x8A,
    0x28, 0xA0, 0x02, 0x8A, 0x28, 0xA0, 0x02, 0x8A, 0x28, 0xA0, 0x02, 0x8A, 0x28, 0xA0, 0x02, 0x8A,
    0x28, 0xA0, 0x02, 0x8A, 0x28, 0xA0, 0x02, 0x8A, 0x28, 0xA0, 0x02, 0x8A, 0x28, 0xA0, 0x02, 0x8A,
    0x28, 0xA0, 0x02, 0x8A, 0x28, 0xA0, 0x02, 0x8A, 0x28, 0xA0, 0x02, 0x8A, 0x28, 0xA0, 0x02, 0x8A,
    0x28, 0xA0, 0x02, 0x8A, 0x28, 0xA0, 0x02, 0x8A, 0x28, 0xA0, 0x02, 0x8A, 0x28, 0xA0, 0x02, 0x8A,
    0x28, 0xA0, 0x02, 0x8A, 0x28, 0xA0, 0x02, 0x8A, 0x28, 0xA0, 0x02, 0x8A, 0x28, 0xA0, 0x02, 0x8A,
    0x28, 0xA0, 0x02, 0x8A, 0x28, 0xA0, 0x02, 0x8A, 0x28, 0xA0, 0x02, 0x8A, 0x28, 0xA0, 0x02, 0x8A,
    0x28, 0xA0, 0x02, 0x8A, 0x28, 0xA0, 0x02, 0x8A, 0x28, 0xA0, 0x02, 0x8A, 0x28, 0xA0, 0x02, 0x8A,
    0x28, 0xA0, 0x02, 0x8A, 0x28, 0xA0, 0x02, 0x8A, 0x28, 0xA0, 0x02, 0x8A, 0x28, 0xA0, 0x02, 0x8A,
    0x28, 0xA0, 0x02, 0x8A, 0x28, 0xA0, 0x02, 0x8A, 0x28, 0xA0, 0x02, 0x8A, 0x28, 0xA0, 0x02, 0x8A,
    0x28, 0xA0, 0x02, 0x8A, 0x28, 0xA0, 0x02, 0x8A, 0x28, 0xA0, 0x02, 0x8A, 0x28, 0xA0, 0x02, 0x8A,
    0x28, 0xA0, 0x0F, 0xEC, 0xD2, 0x8A, 0x28, 0xAE, 0x73, 0xD0, 0x0A, 0x28, 0xA2, 0x80, 0x0A, 0x28,
    0xA2, 0x80, 0x0A, 0x28, 0xA2, 0x80, 0x0A, 0x28, 0xA2, 0x80, 0x0A, 0x28, 0xA2, 0x80, 0x0A, 0x28,
    0xA2, 0x80, 0x0A, 0x28, 0xA2, 0x80, 0x0A, 0x28, 0xA2, 0x80, 0x0A, 0x28, 0xA2, 0x80, 0x0A, 0x28,
    0xA2, 0x80, 0x0A, 0x28, 0xA2, 0x80, 0x0A, 0x28, 0xA2, 0x80, 0x0A, 0x28, 0xA2, 0x80, 0x0A, 0x28,
    0xA2, 0x80, 0x0A, 0x28, 0xA2, 0x80, 0x0A, 0x28, 0xA2, 0x80, 0x0A, 0x28, 0xA2, 0x80, 0x0A, 0x28,
    0xA2, 0x80, 0x0A, 0x28, 0xA2, 0x80, 0x0A, 0x28, 0xA2, 0x80, 0x0A, 0x28, 0xA2, 0x80, 0x0A, 0x28,
    0xA2, 0x80, 0x0A, 0x28, 0xA2, 0x80, 0x0A, 0x28, 0xA2, 0x80, 0x0A, 0x28, 0xA2, 0x80, 0x0A, 0x28,
    0xA2, 0x80, 0x0A, 0x28, 0xA2, 0x80, 0x0A, 0x28, 0xA2, 0x80, 0x0A, 0x28, 0xA2, 0x80, 0x0A, 0x28,
    0xA2, 0x80, 0x0A, 0x28, 0xA2, 0x80, 0x0A, 0x28, 0xA2, 0x80, 0x0A, 0x28, 0xA2, 0x80, 0x0A, 0x28,
    0xA2, 0x80, 0x0A, 0x28, 0xA2, 0x80, 0x0A, 0x28, 0xA2, 0x80, 0x0A, 0x28, 0xA2, 0x80, 0x0A, 0x28,
    0xA2, 0x80, 0x0A, 0x28, 0xA2, 0x80, 0x0A, 0x28, 0xA2, 0x80, 0x0A, 0x28, 0xA2, 0x80, 0x0A, 0x28,
    0xA2, 0x80, 0x0A, 0x28, 0xA2, 0x80, 0x0A, 0x28, 0xA2, 0x80, 0x0A, 0x28, 0xA2, 0x80, 0x0A, 0x28,
    0xA2, 0x80, 0x0A, 0x28, 0xA2, 0x80, 0x0A, 0x28, 0xA2, 0x80, 0x0A, 0x28, 0xA2, 0x80, 0x0A, 0x28,
    0xA2, 0x80, 0x0A, 0x28, 0xA2, 0x80, 0x0A, 0x28, 0xA2, 0x80, 0x0A, 0x28, 0xA2, 0x80, 0x0A, 0x28,
    0xA2, 0x80, 0x0A, 0x28, 0xA2, 0x80, 0x0A, 0x28, 0xA2, 0x80, 0x0A, 0x28, 0xA2, 0x80, 0x0A, 0x28,
    0xA2, 0x80, 0x0A, 0x28, 0xA2, 0x80, 0x0A, 0x28, 0xA2, 0x80, 0x0A, 0x28, 0xA2, 0x80, 0x0A, 0x28,
    0xA2, 0x80, 0x0A, 0x28, 0xA2, 0x80, 0x0A, 0x28, 0xA2, 0x80, 0x0A, 0x28, 0xA2, 0x80, 0x0A, 0x28,
    0xA2, 0x80, 0x0A, 0x28, 0xA2, 0x80, 0x0A, 0x28, 0xA2, 0x80, 0x0A, 0x28, 0xA2, 0x80, 0x0A, 0x28,
    0xA2, 0x80, 0x0A, 0x28, 0xA2, 0x80, 0x0A, 0x28, 0xA2, 0x80, 0x0A, 0x28, 0xA2, 0x80, 0x0A, 0x28,
    0xA2, 0x80, 0x0A, 0x28, 0xA2, 0x80, 0x0A, 0x28, 0xA2, 0x80, 0x0A, 0x28, 0xA2, 0x80, 0x0A, 0x28,
    0xA2, 0x80, 0x0A, 0x28, 0xA2, 0x80, 0x0A, 0x28, 0xA2, 0x80, 0x0A, 0x28, 0xA2, 0x80, 0x0A, 0x28,
    0xA2, 0x80, 0x0A, 0x28, 0xA2, 0x80, 0x0A, 0x28, 0xA2, 0x80, 0x0A, 0x28, 0xA2, 0x80, 0x0A, 0x28,
    0xA2, 0x80, 0x0A, 0x28, 0xA2, 0x80, 0x0A, 0x28, 0xA2, 0x80, 0x0A, 0x28, 0xA2, 0x80, 0x0A, 0x28,
    0xA2, 0x80, 0x0A, 0x28, 0xA2, 0x80, 0x0A, 0x28, 0xA2, 0x80, 0x0A, 0x28, 0xA2, 0x80, 0x0A, 0x28,
    0xA2, 0x80, 0x0A, 0x28, 0xA2, 0x80, 0x0A, 0x28, 0xA2, 0x80, 0x0A, 0x28, 0xA2, 0x80, 0x0A, 0x28,
    0xA2, 0x80, 0x0A, 0x28, 0xA2, 0x80, 0x0A, 0x28, 0xA2, 0x80, 0x0A, 0x28, 0xA2, 0x80, 0x0A, 0x28,
    0xA2, 0x80, 0x0A, 0x28, 0xA2, 0x80, 0x0A, 0x28, 0xA2, 0x80, 0x0A, 0x2A, 0x39, 0xAE, 0x23, 0x86,
    0x33, 0x21, 0x61, 0x81, 0xD7, 0x24, 0x0F, 0xE7, 0x54, 0xF5, 0x5F, 0x13, 0x69, 0x3A, 0x1D, 0x93,
    0xEA, 0x9A, 0xC5, 0xF4, 0x36, 0x96, 0xB1, 0x29, 0x69, 0xAE, 0x6E, 0x65, 0x08, 0x88, 0xBF, 0xDE,
    0x2C, 0x7E, 0x50, 0x3D, 0xC9, 0xC5, 0x1D, 0x6C, 0x84, 0xDA, 0x4A, 0xEC, 0xD0, 0xA6, 0xB4, 0xD1,
    0x21, 0xC3, 0x38, 0x15, 0xF2, 0x67, 0xC7, 0x7F, 0xF8, 0x2D, 0xCF, 0xFC, 0x13, 0x43, 0xE0, 0x03,
    0x4F, 0x69, 0xE2, 0x6F, 0xDA, 0x83, 0x44, 0xD6, 0x6F, 0xED, 0xDD, 0x92, 0x4D, 0x2F, 0xC1, 0xFB,
    0xF5, 0x89, 0xB7, 0x82, 0x46, 0xCC, 0xDA, 0xAB, 0xA2, 0xB6, 0x46, 0x30, 0xCC, 0x3E, 0xB5, 0xF2,
    0x0F, 0xC6, 0x3F, 0xF8, 0x3A, 0xEB, 0xE0, 0x76, 0x99, 0x3B, 0xE9, 0x7F, 0x01, 0xFF, 0x00, 0x65,
    0xCF, 0x14, 0x6B, 0x53, 0x3B, 0x11, 0x6B, 0x73, 0xE2, 0xDD, 0x6A, 0xDB, 0x49, 0x13, 0x73, 0xC1,
    0x48, 0x61, 0x37, 0x12, 0x90, 0x7A, 0x80, 0xDB, 0x3F, 0x3C, 0x03, 0xF4, 0x79, 0x7F, 0x08, 0x71,
    0x36, 0x69, 0x1E, 0x6C, 0x3E, 0x16, 0x6D, 0x77, 0x6B, 0x95, 0x7D, 0xF2, 0xB2, 0x3C, 0xDC, 0x46,
    0x71, 0x96, 0x61, 0x5D, 0xAA, 0x55, 0x57, 0xED, 0xBB, 0xFC, 0x0F, 0xD7, 0x03, 0x73, 0x06, 0x71,
    0xE6, 0x0C, 0x8E, 0xA0, 0x0E, 0x45, 0x06, 0x78, 0x82, 0xEE, 0x2E, 0x31, 0xEB, 0xE9, 0x5F, 0x8A,
    0x11, 0x7F, 0xC1, 0x60, 0xBF, 0xE0, 0xBB, 0x5F, 0xB5, 0x0C, 0x82, 0x4F, 0xD9, 0x9B, 0xF6, 0x08,
    0x6D, 0x1B, 0x4E, 0xB8, 0x3F, 0xB8, 0xD4, 0x1B, 0xE1, 0xFE, 0xA1, 0x78, 0x8C, 0xAD, 0xD0, 0x8B,
    0x8B, 0xD9, 0x21, 0x80, 0xFD, 0x40, 0x34, 0xE5, 0xF8, 0x01, 0xFF, 0x00, 0x07, 0x49, 0x7C, 0x7D,
    0x55, 0x97, 0xC4, 0xBF, 0x1C, 0x2F, 0xBC, 0x2B, 0x6D, 0x30, 0xC0, 0x8E, 0xE7, 0xC5, 0x1A, 0x3E,
    0x90, 0x10, 0x75, 0xFB, 0xBA, 0x4C, 0x2C, 0xFD, 0xB1, 0xC1, 0xCF, 0x3C, 0xF0, 0x4D, 0x7A, 0x8F,
    0x81, 0x71, 0x98, 0x7F, 0xF7, 0xEC, 0x66, 0x1E, 0x8F, 0x75, 0x2A, 0xAA, 0x52, 0xFB, 0xA3, 0x7F,
    0xCC, 0xE5, 0x79, 0xF5, 0x29, 0xAF, 0xDC, 0x51, 0xA9, 0x3F, 0x48, 0xB4, 0xBF, 0x13, 0xF6, 0xB3,
    0xED, 0x76, 0xF8, 0x27, 0xCC, 0xE1, 0x7A, 0x9C, 0x1E, 0x2A, 0x9D, 0xFF, 0x00, 0x89, 0x34, 0x4D,
    0x3A, 0x13, 0x3E, 0xA1, 0xAC, 0x5B, 0x5B, 0xC6, 0x46, 0x43, 0xCF, 0x30, 0x41, 0x8F, 0xF8, 0x16,
    0x2B, 0xF1, 0x57, 0xC4, 0x3F, 0xF0, 0x44, 0x8F, 0xF8, 0x2A, 0x4F, 0x88, 0xED, 0x1F, 0x53, 0xFD,
    0xA4, 0x7F, 0xE0, 0xAA, 0x9A, 0x4E, 0x8D, 0x0E, 0x33, 0x3B, 0x6A, 0x5E, 0x39, 0xD6, 0xAE, 0x51,
    0x07, 0xF1, 0x02, 0x66, 0xFB, 0x3A, 0x0E, 0x3D, 0xC8, 0x3E, 0xD8, 0xAE, 0x13, 0x55, 0xFF, 0x00,
    0x82, 0x27, 0x7E, 0xC7, 0x5A, 0x49, 0x37, 0x5F, 0x1E, 0x3F, 0xE0, 0xB6, 0xFF, 0x00, 0x0D, 0xDD,
    0x9B, 0x3E, 0x7A, 0x19, 0x6C, 0xA6, 0x66, 0x39, 0xC1, 0x1B, 0xA6, 0xD4, 0xD8, 0x9C, 0xF3, 0xC9,
    0x02, 0xBA, 0x69, 0xF0, 0x9F, 0x0F, 0x35, 0xEF, 0x66, 0x8A, 0x5F, 0xF5, 0xEE, 0x8D, 0x49, 0xFF,
    0x00, 0x91, 0x8C, 0xF3, 0x9C, 0xC1, 0x2D, 0x30, 0xB6, 0xFF, 0x00, 0x14, 0xE2, 0x8F, 0xDB, 0xED,
    0x5F, 0xF6, 0x84, 0xF8, 0x05, 0xE1, 0xF2, 0x57, 0x5E, 0xF8, 0xE5, 0xE0, 0xFB, 0x12, 0x0E, 0x08,
    0xBC, 0xF1, 0x2D, 0xAC, 0x44, 0x7F, 0xDF, 0x52, 0x0A, 0xC0, 0xB8, 0xFD, 0xB6, 0x7F, 0x63, 0x1B,
    0x49, 0x0C, 0x37, 0x7F, 0xB5, 0xD7, 0xC3, 0x18, 0x9C, 0x75, 0x49, 0x7C, 0x7B, 0xA7, 0x29, 0x1F,
    0x81, 0x9A, 0xBF, 0x14, 0x57, 0xFE, 0x09, 0x65, 0xFF, 0x00, 0x04, 0x45, 0xF0, 0xD4, 0x6B, 0x07,
    0x89, 0xBF, 0xE0, 0xB2, 0x1A, 0x5C, 0xCE, 0x33, 0xFF, 0x00, 0x20, 0x7D, 0x3B, 0x4E, 0xDB, 0x8E,
    0xFF, 0x00, 0x75, 0x66, 0x1F, 0xAD, 0x49, 0x27, 0xEC, 0x07, 0xFF, 0x00, 0x06, 0xFA, 0x69, 0xC0,
    0x45, 0x3F, 0xFC, 0x15, 0xA7, 0xC5, 0x8F, 0xEB, 0xF6, 0x4B, 0x0B, 0x4D, 0x87, 0xF2, 0xD3, 0x5B,
    0xF9, 0xD7, 0x5C, 0x38, 0x37, 0x87, 0xF7, 0x58, 0x8C, 0x44, 0xBD, 0x30, 0xB3, 0x5F, 0x99, 0x8C,
    0xB3, 0xAC, 0xCB, 0xA5, 0x3A, 0x6B, 0xD6, 0xAA, 0xFF, 0x00, 0x23, 0xF6, 0xA2, 0xDB, 0xF6, 0xDB,
    0xFD, 0x8C, 0xF5, 0x07, 0x10, 0x58, 0x7E, 0xD7, 0x7F, 0x0C, 0xAE, 0x1D, 0xBE, 0xEC, 0x70, 0xF8,
    0xEF, 0x4F, 0x66, 0x6E, 0xFC, 0x01, 0x37, 0x35, 0xD3, 0x68, 0x9F, 0xB4, 0x07, 0xC0, 0xAF, 0x10,
    0x44, 0xD2, 0x78, 0x7F, 0xE3, 0x4F, 0x84, 0xEF, 0x82, 0x00, 0x5F, 0xEC, 0x7E, 0x22, 0xB6, 0x97,
    0x00, 0xF4, 0xCE, 0xD7, 0x38, 0xAF, 0xC2, 0xAB, 0xDF, 0xD8, 0x43, 0xFE, 0x0D, 0xF3, 0x68, 0x4E,
    0x3F, 0xE0, 0xAC, 0x7E, 0x30, 0x90, 0x1E, 0xA2, 0x7D, 0x2E, 0x07, 0x4F, 0xC4, 0x7F, 0x66, 0x8A,
    0xCD, 0xB8, 0xFF, 0x00, 0x82, 0x69, 0x7F, 0xC1, 0x0A, 0xB5, 0xA1, 0x9D, 0x0B, 0xFE, 0x0B, 0x0D,
    0x65, 0x06, 0xE6, 0xDB, 0x9D, 0x57, 0xC3, 0xB6, 0xAD, 0xB0, 0xF7, 0x07, 0x31, 0x47, 0x8E, 0xD9,
    0xE9, 0x57, 0x2E, 0x0A, 0xC8, 0xAD, 0xCD, 0xED, 0xF1, 0x0B, 0xD7, 0x0D, 0x51, 0xFE, 0x44, 0xC7,
    0x3C, 0xCC, 0x3A, 0xD3, 0xA6, 0xFD, 0x2A, 0xA3, 0xFA, 0x09, 0xB0, 0xF1, 0x36, 0x8B, 0xAA, 0x20,
    0x97, 0x4D, 0xD5, 0x6D, 0xEE, 0x14, 0x8C, 0x86, 0xB7, 0x94, 0x38, 0xC7, 0xAE, 0x57, 0x35, 0x74,
    0x5C, 0xC0, 0x7A, 0x48, 0x2B, 0xF9, 0xEA, 0xB2, 0xFF, 0x00, 0x82, 0x50, 0x7F, 0xC1, 0x3E, 0xA7,
    0xBB, 0x09, 0xF0, 0x73, 0xFE, 0x0B, 0xC7, 0xF0, 0xC6, 0xD6, 0xE3, 0x18, 0xB7, 0x86, 0xE4, 0xDA,
    0xDA, 0xC9, 0xB8, 0x11, 0xD7, 0x66, 0xA5, 0x19, 0x5C, 0x71, 0xDB, 0xF0, 0xAF, 0x4F, 0xF0, 0x1F,
    0xFC, 0x11, 0xAB, 0xFE, 0x0A, 0x51, 0x15, 0x99, 0xD5, 0x3F, 0x64, 0x7F, 0xF8, 0x2B, 0xDF, 0x86,
    0xBC, 0x4B, 0x6F, 0x1E, 0x5A, 0xDD, 0x74, 0x3F, 0x89, 0x5A, 0xBC, 0x08, 0x40, 0xC7, 0x38, 0xB7,
    0x79, 0xD0, 0x75, 0x1D, 0x9B, 0xA8, 0xAE, 0x2A, 0xBC, 0x23, 0x90, 0x47, 0x6C, 0xCD, 0x41, 0xFF,
    0x00, 0xD3, 0xCA, 0x35, 0x61, 0xF8, 0xB4, 0xD1, 0xD1, 0x0C, 0xE3, 0x31, 0x96, 0xF8, 0x6B, 0xFF,
    0x00, 0x86, 0x71, 0x67, 0xEE, 0x3F, 0x9D, 0x1E, 0x33, 0x93, 0x8F, 0x5D, 0xA6, 0x90, 0xDC, 0x42,
    0xAC, 0x15, 0xA4, 0x00, 0xB7, 0xDD, 0xCF, 0x19, 0xAF, 0xC4, 0xE7, 0xF8, 0x0B, 0xFF, 0x00, 0x07,
    0x48, 0xFC, 0x03, 0x05, 0xFC, 0x27, 0xF1, 0xAE, 0xE3, 0xC6, 0x10, 0x5B, 0x9C, 0x6C, 0xB2, 0xF1,
    0x5E, 0x95, 0xAC, 0x19, 0x00, 0xEC, 0x53, 0x53, 0xB6, 0x57, 0x3F, 0x92, 0x9E, 0x6A, 0x45, 0xFF,
    0x00, 0x82, 0xC1, 0xFF, 0x00, 0xC1, 0x77, 0x7F, 0x66, 0x19, 0x31, 0xFB, 0x4D, 0xFE, 0xC0, 0xCD,
    0xAD, 0x59, 0x45, 0xC4, 0xDA, 0x84, 0x5E, 0x02, 0xBE, 0xB6, 0x53, 0x8E, 0xAF, 0xF6, 0x8B, 0x19,
    0x26, 0x83, 0xEB, 0x95, 0x03, 0xD0, 0x74, 0xAE, 0x5F, 0xF5, 0x1B, 0x15, 0x5F, 0xFD, 0xC7, 0x19,
    0x87, 0xAD, 0xE5, 0x1A, 0xAA, 0x2F, 0xEE, 0x9A, 0x5F, 0x99, 0xA7, 0xF6, 0xFD, 0x1A, 0x7F, 0xC7,
    0xA3, 0x38, 0x7A, 0xC6, 0xEB, 0xF0, 0x6C, 0xFD, 0xAE, 0x59, 0x11, 0xC9, 0x55, 0x60, 0x48, 0xEB,
    0x4B, 0xB8, 0x67, 0x19, 0xAF, 0xC8, 0xFF, 0x00, 0x83, 0xDF, 0xF0, 0x75, 0xE7, 0xC1, 0x1D, 0x52,
    0xE1, 0x74, 0xBF, 0x8E, 0xDF, 0xB2, 0xAF, 0x8A, 0xF4, 0x59, 0xE3, 0x3B, 0x6E, 0x6E, 0x7C, 0x25,
    0xAC, 0xDA, 0xEA, 0xAB, 0x13, 0x7A, 0xB4, 0x57, 0x06, 0xD6, 0x44, 0x1D, 0x78, 0xC1, 0x3C, 0x1C,
    0x03, 0x8A, 0xFB, 0x03, 0xE0, 0x4F, 0xFC, 0x16, 0xCB, 0xFE, 0x09, 0xAF, 0xFB, 0x41, 0x08, 0x6D,
    0xFC, 0x2F, 0xFB, 0x4D, 0xE8, 0xBA, 0x3D, 0xFC, 0xF2, 0x04, 0x4D, 0x33, 0xC5, 0xE2, 0x4D, 0x22,
    0x60, 0xC7, 0xA2, 0xE6, 0xED, 0x51, 0x0B, 0x1E, 0xDB, 0x58, 0x83, 0xEB, 0x5E, 0x66, 0x61, 0xC2,
    0x1C, 0x4F, 0x96, 0x47, 0x9B, 0x11, 0x84, 0x9F, 0x2F, 0x74, 0xB9, 0x97, 0xDF, 0x1B, 0xA3, 0xB3,
    0x0D, 0x9C, 0x65, 0x98, 0xA7, 0x6A, 0x75, 0x55, 0xFB, 0x3D, 0x1F, 0xDC, 0xCF, 0xAC, 0x68, 0xAC,
    0xED, 0x23, 0xC5, 0x1A, 0x46, 0xBF, 0x61, 0x16, 0xAD, 0xA1, 0xDF, 0x41, 0x79, 0x67, 0x3A, 0x07,
    0x82, 0xEE, 0xD2, 0x61, 0x24, 0x52, 0xA9, 0xE8, 0xCA, 0xEB, 0x95, 0x65, 0xF7, 0x04, 0xD5, 0xF8,
    0xDC, 0xB8, 0xC9, 0x18, 0xE6, 0xBE, 0x6F, 0x67, 0x67, 0xB9, 0xE9, 0xA7, 0x71, 0xD4, 0x51, 0x45,
    0x00, 0x14, 0x51, 0x45, 0x00, 0x14, 0x51, 0x45, 0x00, 0x14, 0x51, 0x45, 0x00, 0x14, 0x51, 0x45,
    0x00, 0x14, 0x51, 0x45, 0x00, 0x14, 0x51, 0x45, 0x00, 0x14, 0x51, 0x45, 0x00, 0x14, 0x8C, 0xC1,
    0x54, 0xB3, 0x1E, 0x00, 0xC9, 0xA6, 0x3D, 0xD4, 0x48, 0xC1, 0x1B, 0x39, 0x39, 0xC0, 0xC7, 0x5A,
    0xF1, 0x5F, 0xDB, 0x3B, 0xF6, 0xFD, 0xFD, 0x9A, 0x7F, 0x61, 0x9F, 0x86, 0xED, 0xE3, 0xDF, 0x8F,
    0x9E, 0x3D, 0x8F, 0x4F, 0x7B, 0x94, 0x95, 0x74, 0x5D, 0x0E, 0xD0, 0x09, 0xB5, 0x1D, 0x5A, 0x55,
    0x1F, 0xEA, 0xED, 0xA0, 0x56, 0xCB, 0x9C, 0x90, 0x0B, 0x12, 0xA8, 0xB9, 0xF9, 0x99, 0x7A, 0xD6,
    0xD8, 0x7C, 0x3D, 0x7C, 0x5D, 0x78, 0xD0, 0xA1, 0x17, 0x29, 0xCB, 0x64, 0x95, 0xDB, 0xF9, 0x19,
    0xD5, 0xAB, 0x4E, 0x85, 0x37, 0x52, 0xA3, 0xB4, 0x57, 0x56, 0x7B, 0x40, 0xBC, 0xB6, 0x2D, 0x81,
    0x27, 0x39, 0x23, 0xF1, 0xF4, 0xAF, 0x98, 0xFF, 0x00, 0x6C, 0xDF, 0xF8, 0x2B, 0xA7, 0xEC, 0x3F,
    0xFB, 0x12, 0x3C, 0xFA, 0x27, 0xC5, 0x4F, 0x8C, 0xB0, 0xDE, 0x78, 0x92, 0x21, 0x91, 0xE1, 0x1F,
    0x0C, 0x28, 0xBF, 0xD4, 0xB8, 0xED, 0x2C, 0x68, 0x76, 0xDB, 0x8F, 0x79, 0x5E, 0x3A, 0xFC, 0xB8,
    0xF8, 0xAD, 0xFF, 0x00, 0x05, 0x3D, 0xFF, 0x00, 0x82, 0xA3, 0x7F, 0xC1, 0x60, 0x7E, 0x22, 0x5E,
    0x7C, 0x07, 0xFD, 0x85, 0x3C, 0x03, 0xAA, 0xF8, 0x27, 0xC2, 0x8C, 0xC6, 0x3B, 0xB3, 0xE1, 0xAB,
    0xD6, 0x5B, 0x84, 0xB5, 0x6C, 0x8F, 0x33, 0x52, 0xD5, 0x7E, 0x54, 0xB5, 0x8D, 0x94, 0xFF, 0x00,
    0xAB, 0x88, 0xAF, 0x07, 0x0A, 0x65, 0xE6, 0xBD, 0x6F, 0xE0, 0xFF, 0x00, 0xFC, 0x10, 0x7B, 0xF6,
    0x21, 0xFD, 0x89, 0x7C, 0x0B, 0x27, 0xED, 0x19, 0xFF, 0x00, 0x05, 0x48, 0xFD, 0xA0, 0x34, 0xDD,
    0x6D, 0xAD, 0x0A, 0xCD, 0x73, 0xA5, 0x49, 0x79, 0x25, 0xA6, 0x8E, 0xB3, 0xB6, 0x49, 0x88, 0x9D,
    0xC2, 0xEB, 0x52, 0x94, 0xB7, 0x41, 0x85, 0x2C, 0x7A, 0x44, 0xD5, 0xF7, 0xB4, 0xB8, 0x3F, 0x2E,
    0xC9, 0xF9, 0x5E, 0x7D, 0x5D, 0xAA, 0xB2, 0xF8, 0x68, 0x52, 0x4A, 0x75, 0x5D, 0xF6, 0x4D, 0xEA,
    0xA3, 0xE8, 0xF5, 0x7D, 0x0F, 0x9F, 0x9E, 0x73, 0x8A, 0xC6, 0x29, 0x7D, 0x42, 0x9F, 0xBA, 0xB7,
    0x9C, 0xF4, 0x8F, 0xAA, 0xDA, 0xE7, 0x27, 0xF1, 0x0F, 0xFE, 0x0E, 0x01, 0xFF, 0x00, 0x82, 0x8A,
    0x7E, 0xD9, 0x3E, 0x2E, 0xB8, 0xF8, 0x5F, 0xFF, 0x00, 0x04, 0xD9, 0xFD, 0x94, 0xEE, 0x6C, 0x01,
    0x0D, 0x1C, 0x9A, 0x8F, 0xF6, 0x43, 0xEB, 0x7A, 0x9D, 0xB8, 0xCE, 0x04, 0x92, 0x63, 0x6D, 0x9D,
    0x90, 0xEB, 0xF3, 0x4A, 0x24, 0xE9, 0xD6, 0xB3, 0x6E, 0x3F, 0xE0, 0x8B, 0x1F, 0xF0, 0x53, 0x3F,
    0xDA, 0xFA, 0xCD, 0xFE, 0x27, 0xFF, 0x00, 0xC1, 0x4D, 0xFF, 0x00, 0x6C, 0xBB, 0x3F, 0x0B, 0x68,
    0x7B, 0xFE, 0xD1, 0x71, 0x69, 0xE2, 0x6F, 0x11, 0x7F, 0x69, 0xBC, 0x00, 0x0C, 0xE5, 0xA0, 0x89,
    0xE3, 0xB0, 0xB6, 0xC0, 0x1C, 0x10, 0xE4, 0x0C, 0xF2, 0xA3, 0xA1, 0x3F, 0x69, 0x1F, 0xF8, 0x38,
    0xCB, 0xC1, 0x9F, 0x09, 0x7C, 0x3E, 0x7E, 0x09, 0x7F, 0xC1, 0x2F, 0x7F, 0x67, 0x1D, 0x03, 0xC2,
    0xDE, 0x1D, 0xB0, 0x8C, 0x45, 0x63, 0xE2, 0x6D, 0x63, 0x47, 0x8E, 0xDE, 0x33, 0xC6, 0x37, 0xDA,
    0xE9, 0x71, 0x04, 0x45, 0x1F, 0xF4, 0xD2, 0x56, 0x24, 0x9E, 0x0C, 0x40, 0x72, 0x3F, 0x37, 0xFF,
    0x00, 0x68, 0x8F, 0xDA, 0xCB, 0xF6, 0x94, 0xFD, 0xAB, 0xB5, 0xD7, 0xF1, 0x17, 0xED, 0x17, 0xF1,
    0xA3, 0xC4, 0x1E, 0x2E, 0x95, 0xDF, 0x74, 0x76, 0xBA, 0xAD, 0xF9, 0x6B, 0x5B, 0x7C, 0x72, 0x16,
    0x2B, 0x71, 0x88, 0x62, 0x51, 0xFE, 0xCC, 0x60, 0xFB, 0x9C, 0x57, 0xE9, 0x79, 0x1F, 0x0E, 0x67,
    0xAD, 0x73, 0x60, 0x30, 0x94, 0xB0, 0x14, 0xDE, 0xD2, 0x9A, 0xF6, 0xB5, 0xDA, 0xEF, 0xAE, 0x91,
    0xBE, 0xFF, 0x00, 0xA1, 0xF2, 0x78, 0xFC, 0xD3, 0x05, 0x17, 0xFE, 0xD1, 0x5A, 0x55, 0xE5, 0xD9,
    0x7B, 0xB0, 0xFF, 0x00, 0x37, 0xF7, 0x9F, 0xA0, 0x57, 0x9F, 0x0B, 0xFF, 0x00, 0xE0, 0xDC, 0x0F,
    0xD8, 0xAE, 0xE3, 0xC9, 0xF8, 0x85, 0xF1, 0x67, 0xC5, 0xDF, 0xB4, 0x0F, 0x88, 0x6C, 0xF6, 0xF9,
    0x7A, 0x7E, 0x97, 0x72, 0xF3, 0xE9, 0xC8, 0xCB, 0xFC, 0x29, 0xF6, 0x11, 0x6D, 0x6A, 0xC3, 0x8E,
    0x56, 0x59, 0xE6, 0xC7, 0xBD, 0x41, 0x7F, 0xFF, 0x00, 0x07, 0x03, 0xFC, 0x13, 0xF8, 0x09, 0x64,
    0x74, 0x2F, 0xD8, 0x03, 0xFE, 0x09, 0xA7, 0xE0, 0x2F, 0x05, 0x47, 0x18, 0x0B, 0x0E, 0xAB, 0xAD,
    0x45, 0x12, 0x4A, 0x71, 0xD1, 0xCC, 0x76, 0x48, 0xAC, 0xC7, 0xA7, 0xDE, 0x9C, 0x9F, 0x5F, 0x5A,
    0xFC, 0xBF, 0xC9, 0x69, 0x41, 0xDA, 0x42, 0xFA, 0x09, 0x09, 0xFE, 0x75, 0x2D, 0x7D, 0x5C, 0x38,
    0x17, 0x2F, 0xC4, 0x3E, 0x7C, 0xCA, 0xBD, 0x5C, 0x4C, 0xBF, 0xBF, 0x37, 0xCB, 0xF2, 0x8C, 0x79,
    0x52, 0x5E, 0x47, 0x90, 0xF3, 0xFC, 0x54, 0x13, 0x58, 0x5A, 0x70, 0xA6, 0xBC, 0x96, 0xBF, 0x7B,
    0xBB, 0x3E, 0xD2, 0xF8, 0xA5, 0xFF, 0x00, 0x07, 0x03, 0x7F, 0xC1, 0x52, 0x7E, 0x27, 0x3C, 0xE2,
    0xC3, 0xE3, 0x76, 0x99, 0xE1, 0x38, 0xA5, 0xCE, 0x62, 0xF0, 0x9F, 0x85, 0xED, 0x6D, 0xCE, 0x3B,
    0x01, 0x2C, 0xE2, 0xE2, 0x63, 0xF8, 0xB8, 0xFA, 0x0A, 0xF9, 0xF3, 0xE2, 0x2F, 0xED, 0xD1, 0xFB,
    0x66, 0xFC, 0x56, 0x12, 0x43, 0xF1, 0x03, 0xF6, 0xAE, 0xF8, 0x87, 0xAA, 0x24, 0x8B, 0xB6, 0x44,
    0xB9, 0xF1, 0x7D, 0xE1, 0x46, 0x19, 0xE9, 0xB1, 0x5C, 0x2F, 0xE9, 0x5E, 0x59, 0x2C, 0x8D, 0x1F,
    0x20, 0xF1, 0x8A, 0x8C, 0x02, 0x4E, 0x00, 0xE6, 0xBD, 0xEC, 0x17, 0x0E, 0xE4, 0x39, 0x72, 0xE5,
    0xC2, 0xE1, 0x61, 0x0F, 0x48, 0xC6, 0xFF, 0x00, 0x7D, 0xAE, 0x79, 0xD8, 0x8C, 0xCF, 0x31, 0xAF,
    0x2B, 0xD5, 0xAA, 0xDF, 0xCD, 0x8B, 0xA8, 0x8B, 0x7D, 0x66, 0xE8, 0x5F, 0x6B, 0x16, 0xEB, 0xA8,
    0x5C, 0x83, 0x93, 0x73, 0x7F, 0x18, 0x9A, 0x4C, 0xFA, 0xEE, 0x70, 0x4F, 0xEB, 0x4A, 0x8B, 0x89,
    0xD6, 0x18, 0xE2, 0xF2, 0xDE, 0x46, 0x08, 0x11, 0x54, 0xA9, 0x93, 0x3D, 0x17, 0x03, 0x04, 0xE7,
    0xA6, 0x07, 0x27, 0xB5, 0x7B, 0xFF, 0x00, 0xEC, 0x01, 0xFF, 0x00, 0x04, 0xE0, 0xFD, 0xA2, 0x3F,
    0xE0, 0xA1, 0xFF, 0x00, 0x12, 0x1B, 0xC1, 0x9F, 0x07, 0xB4, 0x74, 0xB3, 0xD1, 0xAC, 0x5D, 0x3F,
    0xE1, 0x25, 0xF1, 0x86, 0xA7, 0x1C, 0x82, 0xC3, 0x47, 0x8D, 0x87, 0x1B, 0xF6, 0xE0, 0xCB, 0x31,
    0x1B, 0xB6, 0xC2, 0xA4, 0x16, 0x2A, 0x77, 0x32, 0x2E, 0x4D, 0x7E, 0xFB, 0x7E, 0xC1, 0x5F, 0xF0,
    0x46, 0x5F, 0xD8, 0xF7, 0xF6, 0x11, 0xD3, 0x2C, 0xB5, 0x4F, 0x0D, 0x78, 0x32, 0x0F, 0x14, 0xF8,
    0xCA, 0x28, 0xC7, 0xDA, 0x7C, 0x71, 0xE2, 0x5B, 0x54, 0x9E, 0xF0, 0x49, 0xB8, 0x12, 0x6D, 0xD0,
    0xE6, 0x3B, 0x45, 0xE0, 0x81, 0xE5, 0x00, 0xE0, 0x1C, 0x17, 0x7E, 0xB5, 0xF3, 0x9C, 0x55, 0xE2,
    0x06, 0x4D, 0xC2, 0xBF, 0xB8, 0xB7, 0xB4, 0xAE, 0xBE, 0xC4, 0x74, 0xB7, 0xF8, 0x9F, 0xD9, 0xF4,
    0xD5, 0xF9, 0x1E, 0xBE, 0x55, 0xC3, 0xD9, 0x86, 0x71, 0xEF, 0xC9, 0xF2, 0xC3, 0xBB, 0xFD, 0x17,
    0x53, 0xF0, 0xD3, 0xF6, 0x5E, 0xFF, 0x00, 0x82, 0x2E, 0x7F, 0xC1, 0x46, 0x3F, 0x6A, 0xA8, 0x2D,
    0xF5, 0x9F, 0x04, 0xFE, 0xCF, 0xB7, 0x5A, 0x06, 0x91, 0x74, 0x43, 0x0D, 0x7F, 0xC7, 0x33, 0x7F,
    0x66, 0x41, 0xE5, 0xF1, 0xF3, 0xAC, 0x52, 0x7E, 0xFA, 0x50, 0x41, 0x18, 0x2B, 0x09, 0x52, 0x09,
    0xEA, 0x70, 0x6B, 0xEF, 0x0F, 0x81, 0xBF, 0xF0, 0x6A, 0x14, 0x0D, 0x6F, 0x05, 0xE7, 0xED, 0x17,
    0xFB, 0x58, 0x5D, 0x79, 0x85, 0x57, 0xCF, 0xB0, 0xF0, 0x4E, 0x84, 0x8B, 0xB4, 0xF7, 0x02, 0xE2,
    0xF3, 0xCC, 0x04, 0xFB, 0xF9, 0x38, 0xFF, 0x00, 0x64, 0x73, 0x5F, 0xB2, 0x30, 0x59, 0x47, 0x0E,
    0x36, 0xA0, 0x00, 0x2E, 0x30, 0x18, 0x9C, 0x7E, 0x75, 0x32, 0xA8, 0x51, 0x81, 0x5F, 0x8A, 0x66,
    0x7E, 0x2B, 0x71, 0x66, 0x3E, 0x4D, 0x51, 0x9A, 0xA3, 0x1F, 0xEE, 0xAB, 0xBF, 0x9C, 0xA5, 0x77,
    0xF7, 0x58, 0xFB, 0x8C, 0x2F, 0x08, 0xE5, 0x34, 0x12, 0x75, 0x13, 0x9B, 0xF3, 0xDB, 0xEE, 0x3E,
    0x0F, 0xF8, 0x57, 0xFF, 0x00, 0x06, 0xE6, 0xFF, 0x00, 0xC1, 0x30, 0x3E, 0x1B, 0xC7, 0x13, 0xEA,
    0xFF, 0x00, 0x08, 0xB5, 0x9F, 0x18, 0xDC, 0xC6, 0x3E, 0x6B, 0xBF, 0x18, 0xF8, 0xA6, 0xEA, 0x6D,
    0xFC, 0x1F, 0xF9, 0x61, 0x6E, 0x60, 0xB6, 0x1F, 0xF7, 0xEB, 0xF2, 0x38, 0x35, 0xF4, 0x07, 0x80,
    0x7F, 0xE0, 0x9C, 0x7F, 0xB0, 0x8F, 0xC3, 0x52, 0x89, 0xE0, 0xBF, 0xD8, 0xFB, 0xE1, 0xED, 0x89,
    0x8F, 0x05, 0x25, 0x3E, 0x13, 0xB6, 0x92, 0x4C, 0xFA, 0xEF, 0x91, 0x59, 0x89, 0xFC, 0x6B, 0xDC,
    0x68, 0xAF, 0x8B, 0xC5, 0x67, 0xB9, 0xE6, 0x39, 0xDF, 0x11, 0x8A, 0xA9, 0x2F, 0x59, 0xCB, 0xF2,
    0xBD, 0x8F, 0x76, 0x8E, 0x5F, 0x80, 0xA1, 0xFC, 0x3A, 0x51, 0x5F, 0x25, 0xFE, 0x46, 0x2E, 0x85,
    0xF0, 0xEF, 0xC0, 0xBE, 0x16, 0x85, 0x2D, 0xFC, 0x2D, 0xE0, 0xCD, 0x27, 0x4C, 0x44, 0x1F, 0x22,
    0x69, 0xDA, 0x7C, 0x70, 0x05, 0xFA, 0x04, 0x51, 0x8A, 0xD5, 0x68, 0x38, 0xC3, 0x12, 0xC0, 0x9E,
    0x41, 0x24, 0xD4, 0xB4, 0x57, 0x99, 0x29, 0x4E, 0x6E, 0xF2, 0x77, 0x67, 0x5A, 0x8C, 0x62, 0xAC,
    0x90, 0xD1, 0x1A, 0x11, 0xCA, 0xE7, 0x8C, 0x60, 0xD4, 0x72, 0x5A, 0x2B, 0xE5, 0x88, 0x19, 0x23,
    0x19, 0xA9, 0xA8, 0xA8, 0x69, 0x31, 0x9E, 0x6B, 0xF1, 0x8F, 0xF6, 0x4A, 0xFD, 0x9A, 0x7E, 0x3E,
    0xDA, 0x9B, 0x5F, 0x8D, 0x3F, 0xB3, 0xF7, 0x84, 0xBC, 0x55, 0xB9, 0x4A, 0x99, 0x75, 0x9F, 0x0F,
    0xDB, 0xCF, 0x2A, 0x83, 0xC1, 0xC4, 0x8E, 0x37, 0x2E, 0x78, 0xE8, 0x7B, 0x0F, 0x4A, 0xF9, 0x37,
    0xE2, 0x17, 0xFC, 0x1B, 0x7F, 0xFF, 0x00, 0x04, 0xC6, 0xF1, 0xD6, 0xB0, 0x75, 0x4D, 0x37, 0xE1,
    0xD7, 0x8A, 0x3C, 0x30, 0x1C, 0x90, 0xF6, 0xBE, 0x18, 0xF1, 0x54, 0xD0, 0xDB, 0x15, 0x3D, 0x40,
    0x8A, 0x61, 0x2A, 0xAF, 0x7E, 0x81, 0x45, 0x7D, 0xF9, 0x45, 0x7A, 0x98, 0x1C, 0xEB, 0x39, 0xCB,
    0x5F, 0xFB, 0x2E, 0x22, 0x70, 0xF4, 0x93, 0x48, 0xE3, 0xAF, 0x80, 0xC1, 0x62, 0x5F, 0xEF, 0x69,
    0xA9, 0x7A, 0xA4, 0x7C, 0x4B, 0xF0, 0x2B, 0xFE, 0x08, 0x65, 0xFB, 0x35, 0x7E, 0xCB, 0x9A, 0x8A,
    0xEA, 0xFF, 0x00, 0xB3, 0xAF, 0xC7, 0x2F, 0x8D, 0xBE, 0x12, 0x94, 0x4A, 0x24, 0x6B, 0x7D, 0x27,
    0xE2, 0x37, 0x97, 0x6D, 0x23, 0x7A, 0xBC, 0x06, 0xDD, 0xA2, 0x93, 0xE8, 0xC8, 0x45, 0x7D, 0x91,
    0xE1, 0x3D, 0x22, 0xF7, 0x41, 0xD0, 0x60, 0xD1, 0xF5, 0x0D, 0x6E, 0xF7, 0x52, 0x96, 0xDD, 0x42,
    0x3D, 0xFE, 0xA3, 0xE5, 0x79, 0xD3, 0x9C, 0x7D, 0xE6, 0x31, 0x47, 0x1A, 0x13, 0xEE, 0x11, 0x7E,
    0x95, 0xA5, 0x45, 0x61, 0x8D, 0xCC, 0x31, 0xD9, 0x8D, 0x4F, 0x69, 0x8A, 0xA8, 0xE7, 0x2E, 0xEF,
    0x73, 0x5A, 0x18, 0x6A, 0x18, 0x68, 0xF2, 0xD2, 0x8A, 0x4B, 0xC8, 0x28, 0xA2, 0x8A, 0xE3, 0x37,
    0x0A, 0x28, 0xA2, 0x80, 0x0A, 0x28, 0xA2, 0x80, 0x0A, 0x28, 0xA2, 0x80, 0x0A, 0x28, 0xA2, 0x80,
    0x0A, 0x28, 0xA2, 0x80, 0x0A, 0x28, 0xA2, 0x80, 0x0A, 0x8A, 0x79, 0x9A, 0x28, 0x99, 0xF3, 0xD3,
    0x92, 0x72, 0x3F, 0xAD, 0x4B, 0x5E, 0x65, 0xFB, 0x58, 0xFE, 0xD1, 0xFE, 0x06, 0xFD, 0x93, 0x7F,
    0x67, 0x9F, 0x16, 0x7E, 0xD0, 0xFF, 0x00, 0x10, 0x25, 0x27, 0x4D, 0xF0, 0xBE, 0x90, 0xF7, 0x66,
    0xD9, 0x4E, 0x1E, 0xEA, 0x62, 0x42, 0x41, 0x6E, 0x9C, 0x7D, 0xE9, 0x25, 0x64, 0x8D, 0x4F, 0x62,
    0xD9, 0xE8, 0x0D, 0x69, 0x46, 0x8D, 0x5C, 0x45, 0x58, 0xD2, 0xA6, 0xAF, 0x29, 0x34, 0x92, 0xEE,
    0xDE, 0x89, 0x7C, 0xD9, 0x33, 0x9C, 0x69, 0xC1, 0xCE, 0x4E, 0xC9, 0x6A, 0xCF, 0x9E, 0xBF, 0xE0,
    0xAD, 0x1F, 0xF0, 0x56, 0xAF, 0x87, 0x3F, 0xF0, 0x4E, 0x3F, 0x87, 0x29, 0xA5, 0xD8, 0x5B, 0x5A,
    0xEB, 0xFF, 0x00, 0x12, 0xB5, 0xD8, 0x0B, 0x78, 0x6B, 0xC3, 0x2D, 0x71, 0xB1, 0x21, 0x8F, 0x2C,
    0x3E, 0xDB, 0x77, 0xB4, 0xEE, 0x5B, 0x75, 0x64, 0x7C, 0x01, 0xF3, 0x4A, 0xCA, 0x55, 0x7B, 0x91,
    0xF9, 0x8B, 0xFB, 0x06, 0xFF, 0x00, 0xC1, 0x34, 0xFF, 0x00, 0x6A, 0x8F, 0xF8, 0x2C, 0xD7, 0xC6,
    0x2B, 0x8F, 0xDB, 0x17, 0xF6, 0xD1, 0xF8, 0x89, 0xAD, 0xC3, 0xE0, 0x6B, 0xBB, 0xDC, 0x4F, 0xAC,
    0x5E, 0x8C, 0x5D, 0xEB, 0x8A, 0x92, 0x10, 0xD6, 0x5A, 0x74, 0x6D, 0xF2, 0x5B, 0x5A, 0xA1, 0x52,
    0xBE, 0x66, 0xDD, 0xA9, 0xC7, 0x96, 0x0B, 0x81, 0x20, 0xE0, 0xFF, 0x00, 0x61, 0x1F, 0xD9, 0xCB,
    0xE2, 0x9F, 0xFC, 0x16, 0xE7, 0xFE, 0x0A, 0x23, 0xAB, 0xFC, 0x50, 0xFD, 0xA0, 0xB5, 0x1B, 0xAB,
    0xAD, 0x02, 0x39, 0x53, 0x5A, 0xF1, 0xFD, 0xDD, 0xB4, 0xBE, 0x54, 0x71, 0xD9, 0x03, 0xE5, 0x5A,
    0xE9, 0x36, 0xCD, 0x90, 0xD1, 0xAB, 0x05, 0x58, 0x46, 0xCE, 0x56, 0x28, 0x8C, 0x84, 0x89, 0x30,
    0x87, 0xF6, 0x93, 0xFE, 0x0A, 0x11, 0xFB, 0x61, 0xFC, 0x29, 0xFF, 0x00, 0x82, 0x60, 0xFE, 0xC7,
    0x12, 0xF8, 0xEB, 0x4F, 0xD0, 0xAC, 0x22, 0x96, 0xCA, 0xCE, 0x2D, 0x13, 0xC0, 0x3E, 0x15, 0xB6,
    0xB7, 0xF2, 0xA2, 0xB9, 0xBC, 0x31, 0x15, 0xB7, 0x85, 0x55, 0x7E, 0xE4, 0x11, 0xAC, 0x7B, 0xDF,
    0x18, 0xDB, 0x1A, 0x10, 0x09, 0x62, 0xA0, 0xFE, 0xB7, 0x5A, 0x1F, 0xEA, 0x54, 0x69, 0xE4, 0xD9,
    0x4C, 0x55, 0x4C, 0xCA, 0xBA, 0x5C, 0xF5, 0x37, 0x70, 0xE6, 0xB5, 0xA1, 0x0E, 0xDA, 0x5E, 0xEF,
    0xB6, 0xBD, 0x4F, 0x8D, 0x84, 0xFF, 0x00, 0xB6, 0x65, 0x2C, 0x6E, 0x2A, 0x56, 0xC3, 0xD3, 0xF8,
    0x63, 0xFC, 0xD6, 0xEA, 0xFF, 0x00, 0xAF, 0x23, 0xC8, 0x3F, 0x6D, 0x5F, 0xDB, 0xA3, 0xF6, 0x33,
    0xFF, 0x00, 0x82, 0x21, 0xFE, 0xCF, 0xD6, 0x1F, 0x04, 0xBE, 0x08, 0xFC, 0x35, 0xD2, 0x87, 0x8A,
    0x25, 0xB5, 0x27, 0xC3, 0x5E, 0x00, 0xD1, 0xA6, 0x2A, 0xCC, 0x58, 0x10, 0x6F, 0xEF, 0xE7, 0x24,
    0xCC, 0xA8, 0x58, 0x1C, 0xCA, 0xEC, 0x66, 0x98, 0x82, 0x01, 0xEE, 0xBF, 0x84, 0xBF, 0xB5, 0x47,
    0xED, 0x83, 0xFB, 0x45, 0xFE, 0xDA, 0x3F, 0x12, 0x26, 0xF8, 0x9F, 0xFB, 0x45, 0x7C, 0x46, 0xBA,
    0xD6, 0xAF, 0x83, 0xB8, 0xD3, 0xEC, 0x91, 0xCA, 0x58, 0xE9, 0x91, 0x13, 0x9F, 0x2A, 0xD6, 0xDF,
    0xEE, 0x42, 0x98, 0xE0, 0xE0, 0x6E, 0x71, 0xF7, 0xCB, 0x64, 0xD7, 0x2D, 0xF1, 0x93, 0xE2, 0xFF,
    0x00, 0xC4, 0xAF, 0x8F, 0xFF, 0x00, 0x14, 0x35, 0xAF, 0x8C, 0xBF, 0x17, 0xFC, 0x5B, 0x3E, 0xB7,
    0xE2, 0x3F, 0x10, 0xDD, 0x9B, 0x9D, 0x52, 0xFE, 0xE3, 0xAB, 0x39, 0x50, 0x02, 0x20, 0xCE, 0x12,
    0x34, 0x00, 0x22, 0x27, 0xF0, 0xA2, 0xAA, 0x8C, 0x85, 0x04, 0xF3, 0x35, 0xFA, 0xCF, 0x08, 0xF0,
    0x4E, 0x0B, 0x87, 0x28, 0xFD, 0x62, 0xB7, 0xEF, 0x31, 0x53, 0xD6, 0x75, 0x1E, 0xAE, 0xEF, 0x75,
    0x1E, 0xCB, 0x5D, 0x5E, 0xEF, 0xA9, 0xF2, 0x39, 0xCE, 0x7B, 0x5F, 0x32, 0x9B, 0xA5, 0x0F, 0x76,
    0x92, 0xD9, 0x2F, 0xD4, 0x8E, 0x71, 0x89, 0x03, 0x65, 0xB3, 0xD0, 0x92, 0xC7, 0x9F, 0xAD, 0x4B,
    0x9D, 0xBC, 0x00, 0x29, 0x28, 0xAF, 0xB8, 0x3E, 0x7D, 0x45, 0x2D, 0xC5, 0xCF, 0xB0, 0xFC, 0xA9,
    0x28, 0xA2, 0x82, 0xB5, 0x22, 0xB8, 0xE5, 0x48, 0x26, 0xBD, 0xD7, 0xFE, 0x09, 0xE5, 0xFB, 0x07,
    0xFC, 0x4A, 0xFF, 0x00, 0x82, 0x83, 0x7E, 0xD1, 0x9A, 0x77, 0xC1, 0x3F, 0x87, 0xCF, 0x25, 0x8D,
    0x82, 0x44, 0x2F, 0x7C, 0x4F, 0xE2, 0x23, 0x0E, 0xF8, 0x74, 0x7B, 0x15, 0x3F, 0x3B, 0xB6, 0x46,
    0x0C, 0xAC, 0x71, 0x1C, 0x69, 0xFC, 0x52, 0x12, 0x7E, 0xEA, 0x31, 0x1E, 0x33, 0xE1, 0xDF, 0x0F,
    0xEB, 0xBE, 0x30, 0xF1, 0x0D, 0x8F, 0x84, 0xFC, 0x25, 0xA3, 0xDC, 0x6A, 0x1A, 0xAE, 0xA7, 0x7B,
    0x15, 0x9E, 0x9D, 0x61, 0x69, 0x1E, 0xF9, 0x6E, 0x67, 0x91, 0xD5, 0x23, 0x8D, 0x17, 0xB9, 0x66,
    0x60, 0x07, 0x6E, 0xA7, 0x38, 0x56, 0x23, 0xFA, 0x75, 0xFF, 0x00, 0x82, 0x4A, 0x7F, 0xC1, 0x3C,
    0x34, 0x2F, 0xF8, 0x27, 0x87, 0xEC, 0xC9, 0xA7, 0xFC, 0x3E, 0xB8, 0xB5, 0x86, 0xE3, 0xC6, 0x3A,
    0xE3, 0xAE, 0xA5, 0xE3, 0xAD, 0x5D, 0x19, 0x58, 0xCF, 0x7A, 0x63, 0xC2, 0xC2, 0x84, 0x75, 0x8A,
    0x15, 0x26, 0x34, 0xE7, 0x93, 0xBD, 0xFF, 0x00, 0xE5, 0xA1, 0xC7, 0xC1, 0x78, 0x81, 0xC5, 0xEB,
    0x85, 0xB2, 0xAE, 0x5A, 0x2F, 0xF7, 0xF5, 0x6E, 0xA1, 0xE5, 0xDE, 0x4F, 0xD3, 0xA7, 0x77, 0x63,
    0xDC, 0xE1, 0xDC, 0x9A, 0x59, 0xBE, 0x32, 0xF5, 0x15, 0xA9, 0xC7, 0x57, 0xFE, 0x5F, 0x3F, 0xC8,
    0xF6, 0x2F, 0xD9, 0x6F, 0xF6, 0x5E, 0xF8, 0x3D, 0xFB, 0x24, 0x7C, 0x1A, 0xD1, 0xBE, 0x07, 0x7C,
    0x0C, 0xF0, 0x84, 0x1A, 0x3E, 0x85, 0xA3, 0x40, 0x15, 0x62, 0x41, 0xFB, 0xDB, 0x89, 0x8A, 0x81,
    0x25, 0xC4, 0xCF, 0x9C, 0xC9, 0x33, 0x91, 0xF3, 0x39, 0x24, 0x9E, 0x9D, 0x00, 0x03, 0xD2, 0x95,
    0x42, 0x8D, 0xA3, 0xB5, 0x2E, 0x00, 0xE8, 0x28, 0xAF, 0xE4, 0xFA, 0xB5, 0x2A, 0x57, 0xAB, 0x2A,
    0x95, 0x1B, 0x94, 0xA4, 0xEE, 0xDB, 0xDD, 0xB7, 0xD5, 0x9F, 0xB0, 0xC2, 0x11, 0xA7, 0x05, 0x18,
    0xAB, 0x24, 0x14, 0x51, 0x45, 0x41, 0x60, 0x7A, 0x71, 0x55, 0xAE, 0xEF, 0x1A, 0xD9, 0xF7, 0x30,
    0x51, 0x18, 0x04, 0xB3, 0xB3, 0x60, 0x2F, 0xBE, 0x71, 0x8F, 0xCC, 0x8A, 0x5D, 0x42, 0xEE, 0x08,
    0x6D, 0x25, 0x79, 0x25, 0x55, 0x0A, 0x84, 0xB1, 0x6E, 0x8A, 0x31, 0xD4, 0xFA, 0x7E, 0x35, 0xFC,
    0xF2, 0xFF, 0x00, 0xC1, 0x71, 0xBF, 0xE0, 0xAD, 0xFE, 0x2E, 0xFD, 0xAA, 0x7E, 0x33, 0xEA, 0x5F,
    0xB3, 0xCF, 0xC0, 0x4F, 0x1F, 0xDD, 0x5A, 0xFC, 0x2E, 0xF0, 0xDC, 0xC6, 0xD6, 0xEA, 0x4D, 0x36,
    0x76, 0x45, 0xF1, 0x2D, 0xE2, 0xB1, 0x12, 0xCD, 0x23, 0x8E, 0x66, 0xB6, 0x46, 0xCC, 0x71, 0x46,
    0x7F, 0x76, 0xEC, 0xAF, 0x29, 0xDD, 0xB9, 0x31, 0xF4, 0x9C, 0x2D, 0xC3, 0x18, 0xFE, 0x2A, 0xCC,
    0xBE, 0xAB, 0x87, 0x7C, 0xA9, 0x2B, 0xCA, 0x4F, 0x68, 0xAF, 0xD5, 0xBE, 0x8B, 0xAF, 0xA1, 0xE5,
    0xE6, 0xD9, 0xAD, 0x0C, 0xA7, 0x0D, 0xED, 0x6A, 0x6A, 0xDE, 0xCB, 0xBB, 0xFF, 0x00, 0x23, 0xFA,
    0x06, 0x5F, 0x1F, 0xF8, 0x45, 0x86, 0x4F, 0x8C, 0x34, 0x91, 0xEA, 0x3E, 0xDB, 0x19, 0xFF, 0x00,
    0xD9, 0xA9, 0x4F, 0x8F, 0xBC, 0x20, 0x3F, 0xE6, 0x70, 0xD2, 0x87, 0xD6, 0xF6, 0x3F, 0xFE, 0x2A,
    0xBF, 0x90, 0x6F, 0x86, 0xBF, 0x0C, 0x3E, 0x24, 0x7C, 0x66, 0xF1, 0xB5, 0x87, 0xC3, 0x9F, 0x85,
    0x3E, 0x07, 0xD5, 0x7C, 0x47, 0xAF, 0xEA, 0x92, 0xF9, 0x7A, 0x76, 0x93, 0xA4, 0x58, 0x9B, 0x89,
    0xEE, 0x18, 0x02, 0x4E, 0x15, 0x54, 0xE4, 0x00, 0xAC, 0x59, 0xBE, 0xEA, 0x85, 0x62, 0x70, 0x01,
    0xC7, 0xD1, 0x70, 0x7F, 0xC1, 0x12, 0x7F, 0xE0, 0xAB, 0x37, 0x51, 0xA4, 0xA9, 0xFB, 0x14, 0x78,
    0x97, 0x0E, 0x81, 0x80, 0x7B, 0xDD, 0x29, 0x48, 0xCF, 0xA8, 0x37, 0x20, 0xA9, 0xF6, 0x38, 0x3E,
    0xD5, 0xFA, 0x0E, 0x33, 0xC2, 0xAC, 0xAB, 0x2E, 0x9A, 0x86, 0x2F, 0x37, 0x85, 0x39, 0x35, 0x74,
    0xA5, 0x18, 0xC5, 0xDB, 0xBE, 0xB5, 0x11, 0xF3, 0x54, 0x78, 0xB7, 0x1B, 0x88, 0x8D, 0xE9, 0x61,
    0x25, 0x25, 0xE4, 0xDB, 0xFD, 0x0F, 0xE9, 0xB8, 0x78, 0xFB, 0xC1, 0xFD, 0xFC, 0x63, 0xA5, 0x1F,
    0xFB, 0x7D, 0x8F, 0xFF, 0x00, 0x8A, 0xA0, 0xF8, 0xFB, 0xC1, 0xFD, 0xBC, 0x61, 0xA5, 0x7F, 0xE0,
    0x74, 0x7F, 0xFC, 0x55, 0x7F, 0x32, 0x9F, 0xF0, 0xE4, 0x0F, 0xF8, 0x2A, 0xDF, 0xFD, 0x19, 0x37,
    0x89, 0x3F, 0xF0, 0x63, 0xA4, 0xFF, 0x00, 0xF2, 0x5D, 0x2F, 0xFC, 0x38, 0xFF, 0x00, 0xFE, 0x0A,
    0xB7, 0xFF, 0x00, 0x46, 0x4F, 0xE2, 0x3F, 0xFC, 0x19, 0x69, 0x1F, 0xFC, 0x97, 0x5C, 0x4B, 0xC3,
    0xBE, 0x1C, 0xFF, 0x00, 0xA1, 0xDD, 0x2F, 0xFC, 0x93, 0xFF, 0x00, 0x96, 0x9A, 0xFF, 0x00, 0xAC,
    0xD9, 0xA7, 0xFD, 0x00, 0xCB, 0xF1, 0xFF, 0x00, 0x23, 0xFA, 0x6A, 0x1E, 0x3E, 0xF0, 0x87, 0xFD,
    0x0E, 0x3A, 0x51, 0xFA, 0x5E, 0xC7, 0xFF, 0x00, 0xC5, 0x50, 0x7C, 0x7D, 0xE1, 0x0C, 0xFF, 0x00,
    0xC8, 0xE3, 0xA5, 0x7D, 0x3E, 0xDB, 0x1F, 0xFF, 0x00, 0x15, 0x5F, 0xCC, 0xA7, 0xFC, 0x39, 0x03,
    0xFE, 0x0A, 0xB6, 0x3F, 0xE6, 0xCA, 0x7C, 0x49, 0xF8, 0x6A, 0x9A, 0x48, 0xFE, 0x57, 0x74, 0xA3,
    0xFE, 0x08, 0x81, 0xFF, 0x00, 0x05, 0x5B, 0xFF, 0x00, 0xA3, 0x2C, 0xF1, 0x3F, 0xE1, 0xAB, 0xE9,
    0x3F, 0xFC, 0x95, 0x4F, 0xFE, 0x21, 0xD7, 0x0E, 0x7F, 0xD0, 0xEE, 0x97, 0xFE, 0x49, 0xFF, 0x00,
    0xCB, 0x41, 0x71, 0x36, 0x68, 0xFF, 0x00, 0xE6, 0x06, 0x5F, 0x8F, 0xF9, 0x1F, 0xD3, 0x5F, 0xFC,
    0x27, 0xDE, 0x0F, 0xFF, 0x00, 0xA1, 0xC3, 0x4A, 0xFF, 0x00, 0xC0, 0xE8, 0xFF, 0x00, 0xF8, 0xAA,
    0x43, 0xE3, 0xEF, 0x08, 0x76, 0xF1, 0x96, 0x94, 0x3F, 0xED, 0xF6, 0x3F, 0xFE, 0x2A, 0xBF, 0x99,
    0x4F, 0xF8, 0x72, 0x07, 0xFC, 0x15, 0x6F, 0xFE, 0x8C, 0xB3, 0xC5, 0x1F, 0xF8, 0x37, 0xD2, 0x7F,
    0xF9, 0x2A, 0x97, 0xFE, 0x1C, 0x81, 0xFF, 0x00, 0x05, 0x5B, 0xFF, 0x00, 0xA3, 0x2C, 0xF1, 0x3F,
    0xFE, 0x0D, 0xF4, 0x8F, 0xFE, 0x4A, 0xA3, 0xFE, 0x21, 0xD7, 0x0E, 0x7F, 0xD0, 0xEE, 0x97, 0xFE,
    0x49, 0xFF, 0x00, 0xCB, 0x47, 0xFE, 0xB2, 0xE6, 0x9F, 0xF4, 0x05, 0x2F, 0xC7, 0xFC, 0x8F, 0xE9,
    0xAF, 0xFE, 0x13, 0xEF, 0x07, 0xFF, 0x00, 0xD0, 0xE1, 0xA5, 0x7F, 0xE0, 0x74, 0x7F, 0xFC, 0x55,
    0x21, 0xF1, 0xF7, 0x84, 0x3F, 0xE8, 0x71, 0xD2, 0x87, 0xD6, 0xF6, 0x33, 0xFF, 0x00, 0xB3, 0x57,
    0xF3, 0x2B, 0xFF, 0x00, 0x0E, 0x40, 0xFF, 0x00, 0x82, 0xAD, 0xFF, 0x00, 0xD1, 0x96, 0x78, 0x9F,
    0xFF, 0x00, 0x06, 0xFA, 0x4F, 0xFF, 0x00, 0x25, 0x52, 0x1F, 0xF8, 0x22, 0x07, 0xFC, 0x15, 0x6C,
    0x7F, 0xCD, 0x95, 0xF8, 0x9B, 0xF1, 0xD5, 0xB4, 0x9F, 0xFE, 0x4A, 0xA3, 0xFE, 0x21, 0xD7, 0x0E,
    0x7F, 0xD0, 0xEE, 0x97, 0xFE, 0x49, 0xFF, 0x00, 0xCB, 0x41, 0xF1, 0x2E, 0x69, 0xFF, 0x00, 0x40,
    0x32, 0xFC, 0x7F, 0xC8, 0xFE, 0x9A, 0xFF, 0x00, 0xE1, 0x3F, 0xF0, 0x7E, 0x3F, 0xE4, 0x70, 0xD2,
    0xBF, 0xF0, 0x36, 0x3F, 0xFE, 0x2A, 0xA5, 0xB4, 0xF1, 0x7E, 0x83, 0xA8, 0xDC, 0x2D, 0xAE, 0x9B,
    0xE2, 0x1B, 0x0B, 0x99, 0x5B, 0xA4, 0x50, 0x5C, 0xA3, 0x36, 0x3D, 0x70, 0x1B, 0x27, 0xD3, 0xF1,
    0xAF, 0xE6, 0x38, 0xFF, 0x00, 0xC1, 0x11, 0xBF, 0xE0, 0xAB, 0xE0, 0x15, 0x1F, 0xB1, 0x57, 0x89,
    0xF1, 0xE8, 0x35, 0x4D, 0x27, 0x07, 0xFF, 0x00, 0x27, 0x2B, 0xB6, 0xFD, 0x9D, 0x3F, 0xE0, 0x98,
    0xBF, 0xF0, 0x5A, 0x6F, 0xD9, 0x73, 0xE3, 0x2E, 0x81, 0xF1, 0xDF, 0xE1, 0x2F, 0xEC, 0x77, 0xE2,
    0x7B, 0x2D, 0x77, 0xC3, 0x97, 0xEB, 0x75, 0x6A, 0x7F, 0xB5, 0x74, 0x90, 0x97, 0x08, 0x3F, 0xD6,
    0x5B, 0xC8, 0x05, 0xE0, 0xDD, 0x1C, 0xA9, 0xBA, 0x26, 0x07, 0x23, 0x6B, 0x93, 0x8C, 0x85, 0x23,
    0x1A, 0xFE, 0x1E, 0xE4, 0x50, 0xA3, 0x27, 0x4B, 0x3A, 0xA5, 0x29, 0x59, 0xD9, 0x3E, 0x45, 0x77,
    0xD1, 0x5F, 0xDA, 0x3B, 0x5F, 0xBD, 0xB4, 0x2E, 0x97, 0x12, 0x66, 0x32, 0x9A, 0x53, 0xC1, 0x49,
    0x2E, 0xFA, 0xFF, 0x00, 0x91, 0xFD, 0x27, 0x41, 0x21, 0x91, 0x37, 0x12, 0x0F, 0xB8, 0x1C, 0x1F,
    0xA5, 0x3E, 0xB9, 0x9F, 0x84, 0xBE, 0x25, 0xF1, 0x0F, 0x8B, 0xBC, 0x03, 0xA4, 0x78, 0x9B, 0xC5,
    0x5E, 0x0E, 0xBD, 0xF0, 0xF6, 0xA3, 0xA8, 0x69, 0xD0, 0xCF, 0xA8, 0x68, 0x7A, 0x8B, 0x46, 0xD7,
    0x16, 0x13, 0xB2, 0x29, 0x78, 0x24, 0x31, 0xBB, 0xAB, 0x32, 0x31, 0x2B, 0xB9, 0x59, 0x81, 0x00,
    0x10, 0x48, 0x22, 0xBA, 0x6A, 0xFC, 0xB5, 0xA6, 0x9D, 0x99, 0xF5, 0xE9, 0xDD, 0x5C, 0x28, 0xA2,
    0x8A, 0x43, 0x0A, 0x28, 0xA2, 0x80, 0x0A, 0x28, 0xA2, 0x80, 0x0A, 0x28, 0xA2, 0x80, 0x0A, 0xFC,
    0xA5, 0xFF, 0x00, 0x83, 0xAA, 0xFE, 0x2B, 0x6B, 0x5E, 0x18, 0xFD, 0x97, 0xFE, 0x1C, 0x7C, 0x20,
    0xD2, 0xA5, 0x92, 0x38, 0xFC, 0x59, 0xE3, 0x79, 0x2F, 0x35, 0x0F, 0x2E, 0x42, 0xA2, 0x58, 0x6C,
    0x20, 0x26, 0x38, 0xDB, 0xD4, 0x09, 0xEE, 0xA2, 0x90, 0x73, 0xD6, 0x25, 0xE0, 0xE7, 0x8F, 0xD5,
    0xAA, 0xFC, 0x9C, 0xFF, 0x00, 0x83, 0xAD, 0x3E, 0x19, 0x6A, 0x7A, 0xDF, 0xEC, 0xD5, 0xF0, 0xCF,
    0xE2, 0xFD, 0x94, 0x12, 0x3D, 0xAF, 0x86, 0x3C, 0x6B, 0x73, 0x61, 0xA9, 0xEC, 0x19, 0x58, 0x23,
    0xBE, 0xB5, 0x26, 0x39, 0x5B, 0xD1, 0x7C, 0xDB, 0x28, 0xE3, 0xCF, 0xF7, 0xA6, 0x03, 0xA9, 0x15,
    0xF5, 0xFC, 0x02, 0xF0, 0xD1, 0xE3, 0x2C, 0x13, 0xAF, 0xB7, 0x3F, 0xE3, 0xCA, 0xF9, 0x7F, 0xF2,
    0x6B, 0x5B, 0xCC, 0xF1, 0xB8, 0x83, 0xDA, 0x3C, 0x9A, 0xB7, 0x26, 0xF6, 0xFC, 0x2E, 0xAE, 0x7A,
    0x07, 0xFC, 0x1B, 0x23, 0xF0, 0x43, 0x4C, 0xF0, 0x0F, 0xFC, 0x13, 0xC2, 0x5F, 0x8A, 0xEB, 0x02,
    0x8D, 0x43, 0xE2, 0x07, 0x8C, 0xB5, 0x1B, 0xE7, 0x9D, 0xA2, 0x01, 0xC5, 0xAD, 0xB3, 0xAD, 0x94,
    0x11, 0x92, 0x3A, 0xA8, 0x6B, 0x79, 0xA4, 0x1E, 0xF3, 0x1F, 0x4C, 0x9F, 0x83, 0x3F, 0xE0, 0xE6,
    0xBF, 0xDA, 0x1F, 0x59, 0xF8, 0x8D, 0xFB, 0x78, 0x59, 0xFC, 0x0C, 0xB7, 0xBF, 0x90, 0xE8, 0xFF,
    0x00, 0x0E, 0x7C, 0x33, 0x0C, 0x71, 0xDA, 0xEE, 0xCA, 0x0B, 0xFB, 0xE5, 0xFB, 0x55, 0xC4, 0xB8,
    0xFE, 0xF1, 0x88, 0x5A, 0xAE, 0x7B, 0x0D, 0xC0, 0x63, 0x24, 0x57, 0xE8, 0x07, 0xFC, 0x1B, 0x49,
    0xF1, 0x87, 0x4B, 0xF1, 0xC7, 0xFC, 0x13, 0x82, 0x0F, 0x86, 0xDF, 0x6E, 0x89, 0x6F, 0xBC, 0x03,
    0xE3, 0x1D, 0x53, 0x4B, 0xB8, 0x81, 0xA4, 0x01, 0xBC, 0x99, 0xA5, 0xFB, 0x6C, 0x2F, 0x8F, 0xEE,
    0x91, 0x71, 0x22, 0x03, 0xD3, 0x30, 0x3A, 0xF5, 0x46, 0xC7, 0xE7, 0x3F, 0xFC, 0x1C, 0xAD, 0xF0,
    0x73, 0x55, 0xF8, 0x71, 0xFF, 0x00, 0x05, 0x23, 0xB9, 0xF8, 0x83, 0x35, 0x99, 0x5B, 0x0F, 0x1E,
    0xF8, 0x5E, 0xC2, 0xFE, 0xCA, 0xE3, 0x61, 0xDB, 0x2C, 0xB6, 0xF1, 0x1B, 0x59, 0x94, 0x1E, 0x99,
    0x5F, 0x26, 0x32, 0x7D, 0x03, 0x2E, 0x7A, 0x8C, 0xFE, 0x83, 0xC2, 0xF1, 0x85, 0x4F, 0x16, 0xB1,
    0x6F, 0x17, 0xF1, 0xA7, 0x57, 0x97, 0xEF, 0x56, 0xB7, 0xA4, 0x36, 0xF2, 0x3E, 0x6F, 0x36, 0x93,
    0x8F, 0x08, 0xD1, 0xF6, 0x3B, 0x35, 0x1B, 0xFD, 0xDA, 0xFE, 0x27, 0xE7, 0xEC, 0x26, 0x42, 0x72,
    0xF5, 0x25, 0x22, 0xB2, 0x84, 0xE5, 0x87, 0x5F, 0x5A, 0x50, 0x41, 0xE4, 0x1A, 0xFE, 0x80, 0x3F,
    0x3B, 0x8D, 0xEC, 0x14, 0x51, 0x45, 0x03, 0x00, 0x32, 0x71, 0x48, 0x56, 0x49, 0x5C, 0x47, 0x18,
    0x24, 0xE4, 0x60, 0x28, 0xC9, 0x34, 0xA1, 0x94, 0x30, 0x05, 0x87, 0x5F, 0x5A, 0xF7, 0x9F, 0xF8,
    0x26, 0xE7, 0xEC, 0x27, 0xE3, 0x1F, 0xF8, 0x28, 0x4F, 0xED, 0x49, 0xA4, 0x7C, 0x10, 0xD0, 0xA3,
    0x9E, 0x0D, 0x0E, 0x1C, 0x6A, 0x1E, 0x32, 0xD6, 0xA1, 0x52, 0x46, 0x9B, 0xA5, 0xA3, 0x0F, 0x31,
    0x81, 0x1F, 0xF2, 0xD2, 0x43, 0x88, 0x63, 0x07, 0xAB, 0xC8, 0x0F, 0x45, 0x6C, 0x71, 0xE6, 0x18,
    0xEC, 0x36, 0x5B, 0x82, 0xA9, 0x8A, 0xAF, 0x2E, 0x58, 0x41, 0x36, 0xDF, 0x92, 0xFE, 0xB4, 0x2E,
    0x8D, 0x0A, 0xB8, 0xAC, 0x44, 0x69, 0x53, 0x57, 0x6F, 0x43, 0xEF, 0x6F, 0xF8, 0x36, 0xB3, 0xFE,
    0x09, 0xAC, 0xFE, 0x20, 0xD7, 0x5F, 0xFE, 0x0A, 0x11, 0xF1, 0x77, 0x42, 0x0F, 0xA7, 0xD8, 0x34,
    0xD6, 0x7F, 0x0D, 0xAD, 0x2E, 0x63, 0x1B, 0x66, 0xB9, 0x01, 0x92, 0xE7, 0x53, 0x00, 0xF5, 0x54,
    0xC3, 0xC1, 0x1B, 0x0E, 0xEB, 0x2B, 0x0C, 0x60, 0x1A, 0xFD, 0xBA, 0x8A, 0x15, 0x88, 0x00, 0x3D,
    0x2B, 0x9E, 0xF8, 0x5B, 0xF0, 0xDB, 0xC1, 0xBF, 0x0A, 0x7C, 0x03, 0xA3, 0x7C, 0x34, 0xF0, 0x27,
    0x86, 0x2D, 0xF4, 0x9D, 0x17, 0x40, 0xD3, 0xA2, 0xB0, 0xD2, 0xB4, 0xEB, 0x74, 0xC4, 0x76, 0xF0,
    0x44, 0x81, 0x11, 0x57, 0xDB, 0x68, 0xEB, 0xD4, 0xE4, 0x93, 0xC9, 0x35, 0xD2, 0x57, 0xF1, 0xCF,
    0x13, 0x67, 0xD8, 0x9E, 0x24, 0xCE, 0x6A, 0x63, 0xAB, 0x68, 0x9E, 0x91, 0x5F, 0xCB, 0x15, 0xB2,
    0xFF, 0x00, 0x3F, 0x33, 0xF6, 0xCC, 0xAB, 0x2F, 0xA7, 0x96, 0x60, 0xA3, 0x46, 0x3F, 0x3F, 0x36,
    0x14, 0x51, 0x45, 0x78, 0x27, 0xA2, 0x14, 0x8E, 0xC5, 0x57, 0x20, 0x66, 0x87, 0x65, 0x4C, 0x16,
    0x60, 0x06, 0x7B, 0x9A, 0xF9, 0xF3, 0xFE, 0x0A, 0x3F, 0xFB, 0x76, 0xF8, 0x13, 0xF6, 0x00, 0xFD,
    0x9A, 0x35, 0xBF, 0x8E, 0x1E, 0x28, 0x74, 0xBD, 0xD4, 0xB6, 0x7D, 0x8F, 0xC2, 0x7A, 0x12, 0xDC,
    0x05, 0x7D, 0x57, 0x52, 0x75, 0x7F, 0x2E, 0x11, 0xCF, 0x08, 0xA1, 0x5A, 0x49, 0x18, 0x64, 0xA4,
    0x71, 0xBB, 0x75, 0x0B, 0x9E, 0x8C, 0x2E, 0x17, 0x11, 0x8E, 0xC4, 0xC3, 0x0F, 0x42, 0x2E, 0x53,
    0x9B, 0x49, 0x25, 0xD5, 0xB3, 0x3A, 0xD5, 0x69, 0xD0, 0xA5, 0x2A, 0x95, 0x1D, 0x92, 0x57, 0x67,
    0xC6, 0xBF, 0xF0, 0x71, 0x07, 0xFC, 0x15, 0x24, 0x7C, 0x03, 0xF8, 0x69, 0x2F, 0xEC, 0x65, 0xF0,
    0x4B, 0xC4, 0xC4, 0x78, 0xCF, 0xC6, 0x5A, 0x79, 0x1E, 0x2A, 0xBD, 0xB3, 0xBA, 0xDB, 0x2E, 0x8B,
    0xA3, 0xC9, 0x90, 0x50, 0x15, 0x3F, 0x24, 0xD7, 0x0A, 0x76, 0xA9, 0xEA, 0xB1, 0x12, 0xFF, 0x00,
    0xC4, 0xB5, 0xF8, 0x36, 0xF9, 0x25, 0xE5, 0x55, 0x50, 0xA8, 0x3E, 0x55, 0x51, 0x85, 0x03, 0xB0,
    0x03, 0xB0, 0x1F, 0xC8, 0x01, 0xD4, 0x73, 0xD3, 0xFC, 0x63, 0xF8, 0xB7, 0xF1, 0x0F, 0xE3, 0xC7,
    0xC5, 0x2D, 0x7F, 0xE3, 0x2F, 0xC5, 0x5D, 0x7E, 0x4D, 0x57, 0xC4, 0x3E, 0x24, 0xD4, 0x64, 0xBE,
    0xD5, 0xEF, 0x65, 0x3C, 0x34, 0xAC, 0x47, 0xCA, 0xA0, 0x93, 0xB2, 0x35, 0x55, 0x54, 0x50, 0x38,
    0x54, 0x8C, 0x0E, 0x38, 0xAF, 0xBF, 0x7F, 0xE0, 0xDF, 0x6F, 0xF8, 0x25, 0xF8, 0xFD, 0xA7, 0xFE,
    0x2F, 0xA7, 0xED, 0x57, 0xF1, 0x83, 0xC3, 0x6D, 0x3F, 0x80, 0x7C, 0x07, 0xA9, 0x6D, 0xD1, 0xEC,
    0xEE, 0xED, 0x4E, 0xCD, 0x73, 0x59, 0x8D, 0x83, 0x6D, 0xE5, 0x70, 0x61, 0xB7, 0x38, 0xF3, 0x07,
    0x39, 0x94, 0x2A, 0x7F, 0x0B, 0x81, 0xFD, 0x4D, 0x96, 0xE0, 0xB2, 0xAF, 0x0C, 0xF8, 0x4A, 0x55,
    0x2B, 0xB4, 0xE6, 0x95, 0xE6, 0xFA, 0xCE, 0x6F, 0x68, 0xAF, 0x2E, 0x8B, 0xB6, 0xAF, 0xB9, 0xF9,
    0x26, 0x22, 0xBE, 0x2B, 0x89, 0xB3, 0x85, 0x1A, 0x6B, 0x47, 0xA2, 0xF2, 0x8F, 0x76, 0x7D, 0xDB,
    0xFF, 0x00, 0x04, 0x02, 0xFF, 0x00, 0x82, 0x5D, 0x4F, 0xFB, 0x20, 0xFC, 0x19, 0x7F, 0xDA, 0x37,
    0xE3, 0x2E, 0x81, 0xE5, 0x7C, 0x45, 0xF1, 0xFD, 0x84, 0x2F, 0x15, 0xA5, 0xCC, 0x00, 0x4B, 0xA1,
    0xE9, 0x0C, 0x16, 0x48, 0xAD, 0x98, 0x1E, 0x56, 0x69, 0x1B, 0x12, 0x4A, 0x38, 0x2A, 0x52, 0x34,
    0xC7, 0xC8, 0xC5, 0xFF, 0x00, 0x45, 0xA6, 0x58, 0xAD, 0xE2, 0xF3, 0x24, 0x6F, 0x95, 0x7A, 0xEE,
    0x23, 0x8F, 0xE9, 0x4E, 0x82, 0x11, 0x0C, 0x39, 0x6E, 0x48, 0x5C, 0xE0, 0x0C, 0x16, 0x3D, 0x73,
    0x8F, 0x52, 0x79, 0xAF, 0xCF, 0x5F, 0xF8, 0x2F, 0x77, 0xFC, 0x15, 0x06, 0x4F, 0xD8, 0xC3, 0xE0,
    0x68, 0xF8, 0x17, 0xF0, 0x97, 0xC4, 0xAD, 0x0F, 0xC4, 0xBF, 0x1D, 0xDA, 0x49, 0x1D, 0x95, 0xDD,
    0xAC, 0xAB, 0xE6, 0x68, 0x5A, 0x6F, 0xDC, 0x9A, 0xF8, 0xE0, 0xE5, 0x65, 0x7C, 0xB4, 0x70, 0xF4,
    0xC9, 0x2E, 0xF9, 0xFD, 0xD1, 0x15, 0xFC, 0xE2, 0xFF, 0x00, 0xB5, 0xF8, 0xD7, 0x88, 0xAF, 0x6E,
    0x6A, 0xD5, 0xA5, 0xF2, 0x8A, 0xFF, 0x00, 0xE4, 0x62, 0x8F, 0xD2, 0x97, 0xD4, 0xF2, 0x2C, 0xB7,
    0xB4, 0x60, 0xBE, 0xF7, 0xFE, 0x6C, 0xFB, 0xFC, 0xEB, 0x5A, 0x1A, 0xB3, 0x23, 0xDF, 0xDB, 0x29,
    0x53, 0x82, 0x1A, 0x54, 0x07, 0xF5, 0xC5, 0x27, 0xF6, 0xD6, 0x81, 0xFF, 0x00, 0x41, 0x4B, 0x5F,
    0xFB, 0xFE, 0x9F, 0xE3, 0x5F, 0xC7, 0x95, 0xE6, 0xB9, 0xE2, 0x1D, 0x46, 0xE9, 0xEF, 0xF5, 0x1F,
    0x10, 0xDE, 0x5C, 0x5C, 0x4C, 0xE5, 0xA7, 0x9E, 0x7B, 0xD7, 0x95, 0xDD, 0xC9, 0xE4, 0xB3, 0xB1,
    0xCB, 0x12, 0x73, 0x92, 0x7A, 0xF5, 0xE9, 0x8A, 0x8B, 0xED, 0xFA, 0xA7, 0x7D, 0x56, 0xE3, 0xFE,
    0xFF, 0x00, 0x1F, 0xF1, 0xAF, 0xD5, 0x17, 0x82, 0x55, 0x36, 0x78, 0xE5, 0xFF, 0x00, 0x82, 0xFF,
    0x00, 0xFB, 0x73, 0xE5, 0xBF, 0xD7, 0x88, 0xF4, 0xA3, 0xFF, 0x00, 0x93, 0x7F, 0xC0, 0x3F, 0xB1,
    0x23, 0xAC, 0xE8, 0x1F, 0xF4, 0x13, 0xB4, 0xFC, 0x66, 0x4F, 0xF1, 0xA0, 0x6B, 0x1A, 0x07, 0x6D,
    0x52, 0xD7, 0xF0, 0x99, 0x3F, 0xC6, 0xBF, 0x8E, 0xDF, 0xB7, 0xEA, 0x3F, 0xF4, 0x17, 0xB9, 0xFF,
    0x00, 0xBF, 0xAD, 0xFE, 0x34, 0x7D, 0xBF, 0x51, 0xFF, 0x00, 0xA0, 0xBD, 0xCF, 0xFD, 0xFD, 0x6F,
    0xF1, 0xA7, 0xFF, 0x00, 0x10, 0x3E, 0x5F, 0xF4, 0x1C, 0xBF, 0xF0, 0x5B, 0xFF, 0x00, 0xE4, 0xC3,
    0xFD, 0x78, 0x5F, 0xF3, 0xE7, 0xFF, 0x00, 0x26, 0xFF, 0x00, 0xED, 0x4F, 0xEC, 0x4B, 0xFB, 0x6B,
    0x40, 0xFF, 0x00, 0xA0, 0xAD, 0xAF, 0xFD, 0xFF, 0x00, 0x8F, 0xFC, 0x68, 0xFE, 0xD9, 0xD0, 0x3F,
    0xE8, 0x29, 0x6B, 0xFF, 0x00, 0x7F, 0xD3, 0xFC, 0x6B, 0xF8, 0xED, 0xFB, 0x7E, 0xA3, 0xFF, 0x00,
    0x41, 0x7B, 0x9F, 0xFB, 0xFA, 0xDF, 0xE3, 0x47, 0xDB, 0xF5, 0x1F, 0xFA, 0x0B, 0xDC, 0xFF, 0x00,
    0xDF, 0xD6, 0xFF, 0x00, 0x1A, 0x3F, 0xE2, 0x07, 0xCB, 0xFE, 0x83, 0x97, 0xFE, 0x0B, 0x7F, 0xFC,
    0x98, 0x7F, 0xAF, 0x0B, 0xFE, 0x7C, 0xFF, 0x00, 0xE4, 0xDF, 0xFD, 0xA9, 0xFD, 0x89, 0x7F, 0x6C,
    0xE8, 0x1F, 0xF4, 0x14, 0xB5, 0xFF, 0x00, 0xBF, 0xE9, 0xFE, 0x34, 0x0D, 0x63, 0x40, 0x6F, 0xF9,
    0x8A, 0x5A, 0x7E, 0x33, 0x27, 0xF8, 0xD7, 0xF1, 0xDB, 0xF6, 0xFD, 0x4B, 0xFE, 0x82, 0xD7, 0x3F,
    0xF7, 0xF5, 0xBF, 0xC6, 0x83, 0xA8, 0x6A, 0x0A, 0xA4, 0x9D, 0x4A, 0xE0, 0xFF, 0x00, 0xBD, 0x2B,
    0x7F, 0x8D, 0x27, 0xE0, 0x84, 0x92, 0xFF, 0x00, 0x7E, 0x5F, 0xF8, 0x2D, 0xFF, 0x00, 0xF2, 0x61,
    0xFE, 0xBC, 0x2F, 0xF9, 0xF3, 0xFF, 0x00, 0x93, 0x7F, 0xC0, 0x3F, 0xB1, 0x16, 0xD6, 0x7C, 0x3A,
    0x9C, 0x3E, 0xAD, 0x6A, 0x3F, 0xED, 0xE2, 0x3C, 0x7F, 0x3A, 0x96, 0x59, 0xB4, 0xF5, 0x8C, 0xBD,
    0xC7, 0x96, 0x00, 0xC7, 0xCB, 0x22, 0x83, 0xCF, 0x41, 0x9E, 0x3D, 0x48, 0x1F, 0x8D, 0x7F, 0x26,
    0xDF, 0xB1, 0x3F, 0xC2, 0x2F, 0x19, 0x7E, 0xD2, 0x3F, 0xB5, 0xB7, 0xC3, 0x8F, 0x83, 0x3E, 0x16,
    0x9E, 0xEA, 0x6B, 0xBD, 0x6F, 0xC6, 0x76, 0x49, 0x21, 0x8D, 0xD8, 0xF9, 0x36, 0xA9, 0x32, 0x4B,
    0x3C, 0xC7, 0xD1, 0x63, 0x85, 0x26, 0x63, 0xE9, 0xF2, 0x9A, 0xFD, 0xC4, 0xFF, 0x00, 0x83, 0x93,
    0xBE, 0x30, 0x69, 0x3F, 0x0C, 0xFF, 0x00, 0xE0, 0x9C, 0x52, 0xFC, 0x3F, 0xB6, 0xBE, 0x11, 0xEA,
    0x3E, 0x38, 0xF1, 0x7E, 0x99, 0xA6, 0xD8, 0x88, 0xA5, 0x65, 0x95, 0x23, 0x82, 0x4F, 0xB6, 0xCE,
    0xE3, 0x1C, 0xFD, 0xCB, 0x55, 0x8B, 0xEB, 0x72, 0xBF, 0xDE, 0x15, 0xF1, 0xF9, 0xDF, 0x87, 0xDF,
    0xD9, 0x19, 0xF6, 0x13, 0x2A, 0x8E, 0x25, 0x4E, 0x75, 0xDE, 0xBE, 0xED, 0xB9, 0x13, 0x76, 0xBB,
    0x5C, 0xCE, 0xFD, 0x5E, 0xFD, 0x0F, 0x67, 0x03, 0xC4, 0x5F, 0x5C, 0xCB, 0xAA, 0xE2, 0xDD, 0x3E,
    0x58, 0xC3, 0xCE, 0xF7, 0xFC, 0x11, 0xFA, 0x11, 0x6B, 0xA8, 0x59, 0x4D, 0x36, 0xCB, 0x59, 0x51,
    0xB8, 0xC9, 0xD8, 0x47, 0x1F, 0x5C, 0x7D, 0x0F, 0xE5, 0xED, 0x57, 0x81, 0x24, 0x02, 0x45, 0x7E,
    0x50, 0xFF, 0x00, 0xC1, 0xAA, 0xDF, 0x0F, 0xFC, 0x43, 0x63, 0xFB, 0x37, 0xFC, 0x4C, 0xF8, 0xB7,
    0xAE, 0x4F, 0x79, 0x35, 0xB6, 0xBF, 0xE3, 0x58, 0x34, 0xBD, 0x34, 0xDC, 0x4A, 0xEE, 0x92, 0x2D,
    0x95, 0xA2, 0x34, 0xB2, 0xA1, 0x24, 0x82, 0xA6, 0x4B, 0xC3, 0x1E, 0xE1, 0xD4, 0xC2, 0xDF, 0xDD,
    0xE3, 0xF5, 0x75, 0x79, 0x50, 0x7D, 0xAB, 0xE4, 0x33, 0xDC, 0xAE, 0x39, 0x26, 0x71, 0x5B, 0x00,
    0xAA, 0x73, 0xFB, 0x37, 0xCB, 0xCD, 0x6B, 0x5D, 0xF5, 0xD3, 0x5D, 0xB6, 0x3D, 0x8C, 0xBB, 0x15,
    0x2C, 0x76, 0x0A, 0x15, 0xE5, 0x1E, 0x5E, 0x65, 0x7B, 0x6E, 0x2D, 0x14, 0x51, 0x5E, 0x51, 0xDA,
    0x14, 0x51, 0x45, 0x00, 0x14, 0x51, 0x45, 0x00, 0x14, 0x51, 0x45, 0x00, 0x15, 0xE4, 0x3F, 0xB6,
    0xC7, 0xEC, 0xBB, 0xE1, 0x0F, 0xDB, 0x0F, 0xF6, 0x65, 0xF1, 0x87, 0xEC, 0xED, 0xE3, 0x66, 0xF2,
    0xAD, 0xFC, 0x49, 0xA5, 0xB4, 0x36, 0xB7, 0xEA, 0x81, 0x9E, 0xC6, 0xED, 0x4E, 0xFB, 0x7B, 0x95,
    0xCF, 0x78, 0xE5, 0xDA, 0xDE, 0xE0, 0x63, 0xBE, 0x2B, 0xD7, 0xA9, 0xB3, 0x44, 0xB3, 0x21, 0x46,
    0xCF, 0x3D, 0xC1, 0xAD, 0x28, 0xD6, 0xAB, 0x87, 0xAD, 0x1A, 0xB4, 0x9D, 0xA5, 0x16, 0x9A, 0x7D,
    0x9A, 0xD5, 0x32, 0x2A, 0x53, 0x85, 0x58, 0x38, 0x4B, 0x67, 0xA3, 0xF9, 0x9F, 0xCE, 0x0F, 0xFC,
    0x13, 0x0B, 0xF6, 0xAA, 0xF8, 0x89, 0xFF, 0x00, 0x04, 0x73, 0xFD, 0xBF, 0x35, 0xEF, 0x82, 0x5F,
    0xB4, 0x86, 0x9F, 0x36, 0x97, 0xA0, 0xDF, 0x5E, 0x8D, 0x0B, 0xE2, 0x1D, 0x82, 0xAB, 0x3A, 0xDA,
    0x4C, 0xA4, 0xB5, 0x9E, 0xA9, 0x1E, 0x3F, 0xD6, 0x45, 0xF3, 0x06, 0xDE, 0xA3, 0xE6, 0xB7, 0x95,
    0xDF, 0x04, 0xA9, 0x41, 0xFA, 0xED, 0xFF, 0x00, 0x05, 0x60, 0xFD, 0x80, 0xBC, 0x25, 0xFF, 0x00,
    0x05, 0x2F, 0xFD, 0x94, 0xD7, 0x4A, 0xF0, 0x3E, 0xA7, 0xA6, 0xBF, 0x8A, 0xF4, 0x88, 0xDB, 0x58,
    0xF8, 0x73, 0xE2, 0x05, 0x99, 0x7C, 0x87, 0x91, 0xA1, 0x0C, 0x60, 0x69, 0x46, 0x41, 0xB7, 0xB9,
    0x42, 0x17, 0x70, 0xC8, 0x52, 0xD1, 0xC8, 0x01, 0xF2, 0xB0, 0x79, 0x7F, 0xF8, 0x2C, 0x6F, 0xFC,
    0x11, 0xDF, 0xC2, 0x3F, 0xF0, 0x50, 0x5F, 0x07, 0x9F, 0x88, 0xBF, 0x0D, 0x63, 0xB0, 0xD2, 0x3E,
    0x2C, 0x68, 0xB6, 0x3E, 0x5E, 0x91, 0xAA, 0x5C, 0xA6, 0xD8, 0x75, 0x8B, 0x65, 0xC9, 0x16, 0x17,
    0x6C, 0x06, 0x76, 0xE5, 0x98, 0xC7, 0x27, 0x26, 0x36, 0x62, 0x0E, 0x63, 0x25, 0x6B, 0xF3, 0xF7,
    0xFE, 0x09, 0xA5, 0xFF, 0x00, 0x05, 0x70, 0xF8, 0xEB, 0xFF, 0x00, 0x04, 0xBB, 0xF1, 0xF4, 0xDF,
    0xB1, 0x2F, 0xED, 0xEF, 0xE0, 0xAF, 0x11, 0x45, 0xE1, 0x0D, 0x36, 0xFD, 0x6D, 0xD3, 0xFB, 0x42,
    0x29, 0x5B, 0x52, 0xF0, 0x91, 0x62, 0xEB, 0xF2, 0x2E, 0x0F, 0xDA, 0xAC, 0x89, 0x05, 0xD4, 0x29,
    0xF9, 0x57, 0x2D, 0x0F, 0x98, 0xBB, 0x52, 0xBF, 0x5C, 0xAF, 0x52, 0x7C, 0x5A, 0xE9, 0xE7, 0xF9,
    0x33, 0xE5, 0xCC, 0x28, 0xA5, 0xED, 0x29, 0xF5, 0x93, 0x5F, 0x6E, 0x0B, 0x4E, 0x6D, 0x34, 0x6B,
    0x5B, 0xAD, 0x0F, 0x8A, 0x8C, 0x23, 0x94, 0x73, 0x65, 0xF8, 0xD5, 0x7C, 0x3C, 0xFE, 0x19, 0x76,
    0xBF, 0x47, 0xD8, 0xFC, 0xD9, 0xF8, 0x8B, 0xF0, 0xEF, 0xC6, 0xBF, 0x09, 0xBC, 0x6F, 0xAA, 0xFC,
    0x38, 0xF8, 0x93, 0xE1, 0xBB, 0xCD, 0x1B, 0xC4, 0x1A, 0x25, 0xEB, 0xDA, 0x6A, 0xFA, 0x45, 0xFC,
    0x26, 0x39, 0xAD, 0x66, 0x4F, 0xBC, 0x8C, 0xBF, 0x91, 0x04, 0x65, 0x48, 0x20, 0x82, 0x41, 0x52,
    0x72, 0x62, 0x90, 0x01, 0xB0, 0x83, 0x9E, 0xB5, 0xFD, 0x1A, 0x7E, 0xDE, 0xBF, 0xF0, 0x4C, 0xCF,
    0xD9, 0x2B, 0xFE, 0x0B, 0x09, 0xF0, 0x96, 0xC3, 0xE3, 0xCF, 0xC1, 0xDF, 0x1F, 0x68, 0xF6, 0xFE,
    0x29, 0xB8, 0xD3, 0x55, 0xBC, 0x35, 0xF1, 0x13, 0xC3, 0xC6, 0x2B, 0xA8, 0x35, 0x28, 0xD5, 0x78,
    0xB6, 0xBB, 0x11, 0xFF, 0x00, 0xAD, 0x88, 0x13, 0x8E, 0x31, 0x24, 0x64, 0x90, 0x08, 0x03, 0xCB,
    0x3F, 0x83, 0xFF, 0x00, 0xB5, 0x9F, 0xEC, 0x53, 0xFB, 0x49, 0x7E, 0xC4, 0x7F, 0x11, 0x1F, 0xE1,
    0xEF, 0xED, 0x11, 0xF0, 0xD6, 0xF3, 0x47, 0x96, 0x49, 0x18, 0x69, 0xBA, 0x9C, 0x69, 0xE6, 0xD8,
    0xEA, 0x71, 0x83, 0xFE, 0xB6, 0xDA, 0x74, 0xCA, 0x48, 0x0F, 0x1F, 0x29, 0x2A, 0xEB, 0xFC, 0x4B,
    0xC1, 0xAF, 0xD6, 0x78, 0x4B, 0x8E, 0x32, 0xEE, 0x25, 0xA7, 0xEC, 0x6A, 0x7E, 0xEF, 0x13, 0x1F,
    0x8A, 0x9B, 0xD1, 0xDD, 0x6F, 0xCB, 0x7D, 0xD5, 0xEF, 0xA6, 0xEB, 0xA9, 0xF2, 0x19, 0xBE, 0x41,
    0x8B, 0xCB, 0x2A, 0x73, 0xC3, 0xDE, 0xA6, 0xF6, 0x92, 0xED, 0xE6, 0x79, 0x7D, 0x23, 0xBA, 0xA7,
    0x5E, 0x73, 0xE9, 0x48, 0xF8, 0x29, 0xD7, 0xAF, 0x4A, 0x8D, 0x01, 0x92, 0x5F, 0x24, 0x60, 0x92,
    0x40, 0x5C, 0x9A, 0xFB, 0x85, 0x66, 0xCF, 0x09, 0xD4, 0xD3, 0x44, 0x4F, 0x61, 0xA6, 0x6A, 0x7A,
    0xCE, 0xA3, 0x0E, 0x9D, 0xA3, 0x58, 0x4F, 0x75, 0x77, 0x71, 0x2A, 0x45, 0x6B, 0x6B, 0x6D, 0x09,
    0x92, 0x59, 0x64, 0x66, 0x0A, 0xAA, 0xA8, 0x39, 0x62, 0x59, 0x91, 0x40, 0x1C, 0x96, 0x60, 0xA3,
    0x9C, 0xE3, 0xFA, 0x63, 0xFF, 0x00, 0x82, 0x32, 0x7F, 0xC1, 0x39, 0x34, 0xBF, 0xF8, 0x27, 0xDF,
    0xEC, 0xBD, 0x6D, 0xA7, 0x78, 0x87, 0x4F, 0x87, 0xFE, 0x13, 0xFF, 0x00, 0x17, 0x08, 0xF5, 0x2F,
    0x1C, 0xDD, 0x23, 0x89, 0x1A, 0x19, 0xB0, 0x7C, 0xBB, 0x05, 0x6E, 0xE9, 0x6E, 0xAE, 0x63, 0x24,
    0x70, 0xCE, 0x24, 0x7F, 0xE3, 0x18, 0xFC, 0xEC, 0xFF, 0x00, 0x83, 0x6E, 0x3F, 0xE0, 0x9B, 0x8F,
    0xF1, 0x5B, 0xE2, 0x22, 0x7E, 0xDE, 0x5F, 0x16, 0xB4, 0x43, 0xFF, 0x00, 0x08, 0xFF, 0x00, 0x85,
    0x35, 0x09, 0x2D, 0x7C, 0x05, 0x63, 0x73, 0x08, 0xDB, 0x7D, 0xA9, 0xA0, 0xD9, 0x2D, 0xEF, 0xCC,
    0x3E, 0x64, 0x83, 0x71, 0x55, 0x23, 0x8F, 0x3B, 0x73, 0x0C, 0x85, 0x15, 0xFB, 0xAB, 0x6B, 0x68,
    0x96, 0xE3, 0xE5, 0xF4, 0xC0, 0x5C, 0x00, 0x00, 0xCE, 0x7B, 0x0F, 0xF3, 0x81, 0x5F, 0xCE, 0xBE,
    0x2C, 0xF1, 0x67, 0xD7, 0x31, 0x7F, 0xD8, 0xF8, 0x49, 0x5E, 0x14, 0xDD, 0xEA, 0x3E, 0xF2, 0xE9,
    0x1F, 0x48, 0xF5, 0xFE, 0xF7, 0xA1, 0xFA, 0x5F, 0x08, 0x64, 0xCE, 0x85, 0x3F, 0xAE, 0xD6, 0x5E,
    0xF4, 0xB6, 0xF2, 0x5D, 0xFE, 0x64, 0x91, 0x9C, 0xAE, 0x76, 0xE3, 0xDB, 0x34, 0xEA, 0x28, 0xAF,
    0xC6, 0x0F, 0xB9, 0x0A, 0x28, 0xA8, 0xEE, 0x24, 0x31, 0xC4, 0xCC, 0x30, 0x30, 0xA4, 0xE4, 0xFD,
    0x28, 0x03, 0x2B, 0xC7, 0xBE, 0x2F, 0xF0, 0xF7, 0x81, 0x7C, 0x25, 0x7F, 0xE3, 0x0F, 0x16, 0x6A,
    0xF0, 0x69, 0xDA, 0x5E, 0x9B, 0x67, 0x25, 0xD6, 0xA3, 0x7F, 0x76, 0xC0, 0x43, 0x6D, 0x02, 0x21,
    0x69, 0x25, 0x90, 0x92, 0x00, 0x55, 0x50, 0x58, 0xFB, 0x03, 0x5F, 0xCC, 0x5F, 0xFC, 0x15, 0x93,
    0xFE, 0x0A, 0x39, 0xE2, 0x6F, 0xF8, 0x28, 0x8F, 0xED, 0x2F, 0x37, 0x8E, 0x2C, 0xDE, 0xEE, 0xDB,
    0xC0, 0xFE, 0x1F, 0x12, 0xD8, 0xF8, 0x0B, 0x48, 0x9C, 0x14, 0x65, 0xB4, 0x32, 0x02, 0xD7, 0x72,
    0x29, 0xCE, 0x27, 0x98, 0xC6, 0xA4, 0x93, 0x92, 0xAA, 0x91, 0x8C, 0x03, 0x1B, 0x2B, 0x7D, 0xA5,
    0xFF, 0x00, 0x07, 0x1D, 0xFF, 0x00, 0xC1, 0x51, 0x26, 0xF1, 0x5E, 0xB1, 0x3F, 0xFC, 0x13, 0xDF,
    0xE0, 0xA7, 0x89, 0x4F, 0xF6, 0x75, 0x85, 0xC4, 0x53, 0xFC, 0x4B, 0xD5, 0x6C, 0xE5, 0xFF, 0x00,
    0x5D, 0x3A, 0x1D, 0xF1, 0xE9, 0x4A, 0xCA, 0x4A, 0xB2, 0xA1, 0xD9, 0x24, 0xDD, 0xC3, 0xAA, 0x20,
    0xE8, 0xF5, 0xF9, 0x29, 0xE1, 0xCD, 0x03, 0x55, 0xF1, 0x66, 0xB9, 0x61, 0xE1, 0xDF, 0x0F, 0x69,
    0x77, 0x7A, 0x8D, 0xF6, 0xA1, 0x75, 0x15, 0xA5, 0x95, 0x85, 0x8C, 0x1B, 0xE6, 0xB8, 0x91, 0xD8,
    0x47, 0x1C, 0x68, 0xA3, 0x92, 0xC4, 0x90, 0xAA, 0x07, 0x70, 0xA3, 0x81, 0x8C, 0x7F, 0x44, 0x78,
    0x5B, 0xC1, 0xF1, 0xCB, 0xB0, 0xBF, 0xDB, 0x78, 0xD8, 0xDA, 0x73, 0x5F, 0xBB, 0x4F, 0xEC, 0xC6,
    0xD7, 0x72, 0xD7, 0x67, 0x2E, 0x9E, 0x5E, 0xA7, 0xE6, 0xBC, 0x57, 0x9D, 0x3C, 0x45, 0x5F, 0xA9,
    0x50, 0x77, 0x49, 0xEB, 0xE6, 0xFB, 0x1E, 0xBB, 0xFB, 0x03, 0xFE, 0xC5, 0xDF, 0x13, 0x7F, 0x6F,
    0x3F, 0xDA, 0x4B, 0x44, 0xF8, 0x05, 0xF0, 0xD9, 0x5E, 0xDD, 0x6E, 0x57, 0xED, 0xBA, 0xF6, 0xBA,
    0x91, 0xFE, 0xEF, 0x49, 0xD3, 0xA3, 0xDA, 0x64, 0xB9, 0x3D, 0x70, 0xD9, 0x2A, 0xB1, 0x0E, 0x8D,
    0x23, 0xC7, 0xCE, 0xD2, 0x58, 0x7F, 0x52, 0x7F, 0xB3, 0xE7, 0xC0, 0xCF, 0x86, 0xBF, 0xB3, 0x7F,
    0xC2, 0x2D, 0x07, 0xE0, 0x9F, 0xC2, 0x5F, 0x0E, 0x45, 0xA5, 0x78, 0x7B, 0xC3, 0x5A, 0x74, 0x76,
    0x5A, 0x65, 0xA4, 0x43, 0xA2, 0x20, 0xDB, 0xBD, 0x89, 0xE5, 0x9D, 0xB1, 0xBD, 0x98, 0xF2, 0x59,
    0x89, 0xCD, 0x7C, 0xD7, 0xFF, 0x00, 0x04, 0x6B, 0xFF, 0x00, 0x82, 0x6C, 0x69, 0x7F, 0xF0, 0x4F,
    0x6F, 0xD9, 0xBE, 0xDF, 0x4F, 0xF1, 0x76, 0x9F, 0x6F, 0x27, 0xC4, 0x5F, 0x16, 0x2C, 0x77, 0xDE,
    0x36, 0xBF, 0x8C, 0x2B, 0x79, 0x4F, 0x82, 0x63, 0xB0, 0x8D, 0xC0, 0xF9, 0xA1, 0x80, 0x31, 0x00,
    0xF1, 0xB9, 0xDD, 0xDB, 0x00, 0x6D, 0x0B, 0xF5, 0xF5, 0xD4, 0xCB, 0x67, 0x1B, 0xCA, 0x30, 0x11,
    0x41, 0x69, 0x72, 0xD8, 0x00, 0x77, 0x39, 0xFD, 0x2B, 0xF3, 0x8F, 0x11, 0x38, 0xC6, 0x5C, 0x4D,
    0x9A, 0xFB, 0x2A, 0x0F, 0xFD, 0x9E, 0x95, 0xD4, 0x7F, 0xBC, 0xFA, 0xCF, 0xE7, 0xB2, 0xF2, 0xF5,
    0x3E, 0x9B, 0x86, 0xF2, 0x68, 0xE5, 0x58, 0x4E, 0x79, 0xAF, 0x7E, 0x7A, 0xBF, 0x25, 0xD1, 0x7F,
    0x9F, 0x99, 0xE6, 0xBF, 0xB6, 0x2F, 0xED, 0x59, 0xF0, 0xCF, 0xF6, 0x37, 0xFD, 0x9F, 0x7C, 0x4D,
    0xFB, 0x41, 0x7C, 0x53, 0xBC, 0x78, 0xB4, 0xEF, 0x0F, 0x58, 0x97, 0x4B, 0x78, 0xF8, 0x96, 0xFE,
    0xE1, 0xF0, 0xB0, 0x5A, 0xC3, 0x92, 0x33, 0x24, 0xB2, 0x32, 0xA0, 0xEC, 0x32, 0xCC, 0x48, 0x08,
    0xC4, 0x7F, 0x2C, 0xBF, 0xB5, 0x4F, 0xED, 0x35, 0xF1, 0x27, 0xF6, 0xBC, 0xF8, 0xF1, 0xE2, 0x5F,
    0xDA, 0x03, 0xE2, 0xB6, 0xA0, 0x6E, 0x35, 0x6F, 0x11, 0x5F, 0xB4, 0xAB, 0x1A, 0x9C, 0x45, 0x65,
    0x6E, 0xB9, 0x58, 0x2D, 0xA2, 0x5F, 0xE1, 0x8E, 0x38, 0xC2, 0x28, 0x1D, 0xC8, 0x66, 0x39, 0x2E,
    0x71, 0xF5, 0xA7, 0xFC, 0x17, 0x97, 0xFE, 0x0A, 0x6A, 0x7F, 0x6D, 0xDF, 0xDA, 0x01, 0x7E, 0x0E,
    0xFC, 0x34, 0xD7, 0x96, 0x6F, 0x86, 0xBF, 0x0F, 0x6F, 0x25, 0x8B, 0x4F, 0x7B, 0x59, 0x4F, 0x97,
    0xAD, 0x6A, 0xA3, 0x74, 0x33, 0xDF, 0x11, 0x8F, 0x9A, 0x34, 0x21, 0xE2, 0x84, 0xF2, 0x0A, 0xB3,
    0xC8, 0x38, 0x71, 0x5F, 0x04, 0xC1, 0x82, 0xC7, 0x8E, 0xC6, 0xBF, 0x5E, 0xF0, 0xC7, 0x84, 0x16,
    0x47, 0x96, 0xBC, 0x76, 0x2A, 0x3F, 0xBF, 0xAA, 0xB6, 0x6B, 0xE1, 0x86, 0x8D, 0x2F, 0x57, 0xBB,
    0xF9, 0x23, 0xE2, 0xF8, 0xAB, 0x39, 0x79, 0x86, 0x27, 0xEA, 0xD4, 0x9F, 0xB9, 0x1F, 0xC5, 0xFF,
    0x00, 0xC0, 0x1F, 0x01, 0xCC, 0x7D, 0x3A, 0x53, 0xE8, 0xC0, 0x1D, 0x05, 0x15, 0xFA, 0x89, 0xF2,
    0xB1, 0x5C, 0xA8, 0x28, 0xA2, 0x8A, 0x0A, 0x0A, 0x28, 0xA4, 0x2E, 0x8A, 0x70, 0xC7, 0xF5, 0xA0,
    0x4D, 0xD9, 0x5C, 0x49, 0x5F, 0x60, 0x1E, 0xFD, 0x29, 0x8B, 0x29, 0x3F, 0xEB, 0x78, 0x51, 0xC9,
    0x27, 0x00, 0x7F, 0x9E, 0xFF, 0x00, 0x81, 0xAB, 0x9A, 0x4E, 0x83, 0xAD, 0xF8, 0xB3, 0x58, 0xB5,
    0xF0, 0xDF, 0x85, 0xF4, 0x2B, 0xED, 0x4B, 0x51, 0xBE, 0x9D, 0x61, 0xB0, 0xD3, 0xF4, 0xFB, 0x47,
    0x9E, 0x7B, 0x99, 0x4F, 0xFC, 0xB3, 0x8E, 0x38, 0xD5, 0x99, 0x9B, 0x38, 0x1C, 0x02, 0x72, 0x78,
    0x07, 0xA1, 0xFD, 0x7F, 0xFF, 0x00, 0x82, 0x67, 0x7F, 0xC1, 0x16, 0xFE, 0x1E, 0xFE, 0xC9, 0xFE,
    0x1B, 0x4F, 0xDB, 0xB7, 0xFE, 0x0A, 0x89, 0xA9, 0x68, 0xBA, 0x1C, 0x3E, 0x1E, 0x85, 0x75, 0x0D,
    0x27, 0xC2, 0x1A, 0xF4, 0xF1, 0x8B, 0x4D, 0x28, 0x81, 0x94, 0xB9, 0xBF, 0x24, 0x94, 0x96, 0xE0,
    0x31, 0x5D, 0x96, 0xC9, 0xB8, 0x23, 0xA8, 0x24, 0xBC, 0x84, 0x44, 0x9F, 0x39, 0xC4, 0x9C, 0x4D,
    0x97, 0x70, 0xD6, 0x13, 0xDA, 0xE2, 0x1D, 0xE6, 0xF4, 0x84, 0x16, 0xB2, 0x9B, 0xE8, 0x92, 0xFD,
    0x76, 0x5E, 0xAD, 0x27, 0xE9, 0x65, 0xB9, 0x66, 0x23, 0x33, 0xAA, 0x94, 0x34, 0x8F, 0x59, 0x3D,
    0x92, 0xF5, 0xFD, 0x0F, 0x4A, 0xFF, 0x00, 0x83, 0x7F, 0xFF, 0x00, 0xE0, 0x99, 0x77, 0x5F, 0xB2,
    0x9F, 0xC3, 0x8B, 0xEF, 0xDB, 0x97, 0xF6, 0x94, 0xD3, 0x8E, 0x8B, 0xE2, 0x5D, 0x7F, 0x45, 0x6F,
    0xF8, 0x47, 0xAC, 0x35, 0x64, 0xF2, 0x4F, 0x87, 0xB4, 0x71, 0x89, 0xA4, 0xBA, 0x9C, 0x3E, 0x3C,
    0xB9, 0x67, 0x0A, 0xA4, 0x86, 0xC1, 0x8E, 0x24, 0x50, 0x70, 0x65, 0x65, 0x5F, 0x86, 0xBF, 0xE0,
    0xA8, 0x7F, 0xB5, 0x6F, 0xC4, 0x1F, 0xF8, 0x2C, 0x07, 0xED, 0xF9, 0xA1, 0xFC, 0x12, 0xFD, 0x99,
    0x74, 0xB9, 0xF5, 0x7D, 0x07, 0x4C, 0x99, 0xB4, 0x0F, 0x87, 0x96, 0x0C, 0x59, 0x63, 0xBD, 0x95,
    0xD8, 0x35, 0xDE, 0xA1, 0x21, 0x3F, 0x72, 0x12, 0xC8, 0xBF, 0x39, 0x19, 0x58, 0x6D, 0x95, 0xC8,
    0x52, 0x59, 0x47, 0xA5, 0x7F, 0xC1, 0x49, 0xFF, 0x00, 0xE0, 0xAD, 0x1F, 0x1D, 0x3F, 0xE0, 0xA8,
    0x5F, 0x10, 0x61, 0xFD, 0x89, 0x3F, 0x61, 0x2F, 0x04, 0xEB, 0x6F, 0xE0, 0xDD, 0x57, 0x50, 0xFB,
    0x34, 0xB6, 0xF6, 0x96, 0xD2, 0x26, 0xA5, 0xE2, 0xF2, 0xA7, 0xF8, 0x81, 0x50, 0xD6, 0xB6, 0x23,
    0x69, 0x6F, 0x98, 0x29, 0x2B, 0xF3, 0x4A, 0x50, 0x10, 0x83, 0xF4, 0x1B, 0xFE, 0x08, 0xE7, 0xFF,
    0x00, 0x04, 0x7B, 0xF0, 0x7F, 0xFC, 0x13, 0xEB, 0xC1, 0x8D, 0xF1, 0x13, 0xE2, 0x58, 0xB2, 0xD7,
    0x3E, 0x2D, 0x6B, 0xD6, 0x42, 0x3D, 0x6B, 0x56, 0x86, 0x25, 0x30, 0xE9, 0x16, 0xCC, 0x55, 0xCD,
    0x85, 0xA9, 0x00, 0x1D, 0xB9, 0x03, 0xCC, 0x93, 0x8F, 0x31, 0x81, 0x18, 0xDA, 0x30, 0x7F, 0x1E,
    0xAB, 0x8E, 0xAD, 0xC3, 0xB5, 0xEA, 0x71, 0x16, 0x75, 0x69, 0x63, 0xAB, 0x26, 0xA8, 0xD1, 0xDF,
    0xD9, 0xA7, 0xA2, 0x6F, 0x7B, 0x24, 0xBA, 0x6F, 0xBF, 0x56, 0x7D, 0x9C, 0x30, 0xF4, 0xF3, 0x28,
    0x47, 0x2E, 0xC0, 0xE9, 0x42, 0x0F, 0xDF, 0x9F, 0xF3, 0x3E, 0xC8, 0xFA, 0x5F, 0xF6, 0x27, 0xFD,
    0x98, 0x3C, 0x25, 0xFB, 0x1E, 0xFE, 0xCC, 0xFE, 0x13, 0xFD, 0x9E, 0x7C, 0x17, 0x20, 0x9A, 0xDB,
    0xC3, 0x7A, 0x62, 0xC3, 0x75, 0x7E, 0xD1, 0x6C, 0x7B, 0xFB, 0xA6, 0x25, 0xE7, 0xBA, 0x60, 0x07,
    0x0D, 0x2C, 0x8C, 0xD2, 0x11, 0xDB, 0x76, 0x3B, 0x57, 0xAD, 0x0E, 0x94, 0xD8, 0xA3, 0x11, 0xAE,
    0xD0, 0x69, 0xD5, 0xF8, 0xBD, 0x6A, 0xF5, 0xB1, 0x35, 0x65, 0x56, 0xAB, 0xBC, 0xA4, 0xEE, 0xDF,
    0x76, 0xF7, 0x7F, 0x79, 0xF7, 0x34, 0xE9, 0xC2, 0x94, 0x14, 0x20, 0xAC, 0x96, 0x88, 0x28, 0xA2,
    0x8A, 0xCC, 0xB0, 0xA2, 0x8A, 0x28, 0x00, 0xA2, 0x8A, 0x28, 0x00, 0xA2, 0x8A, 0x28, 0x00, 0xA2,
    0x8A, 0x28, 0x01, 0x1D, 0x77, 0x70, 0x7A, 0x57, 0xCE, 0x1F, 0xB7, 0x8F, 0xFC, 0x13, 0x17, 0xF6,
    0x66, 0xFF, 0x00, 0x82, 0x82, 0xF8, 0x2C, 0xE8, 0x9F, 0x1A, 0x3C, 0x1C, 0x21, 0xD7, 0x2C, 0xED,
    0x64, 0x8F, 0x40, 0xF1, 0x8E, 0x97, 0xB6, 0x3D, 0x4B, 0x4D, 0x63, 0x9D, 0xA1, 0x5C, 0xF1, 0x24,
    0x7B, 0x88, 0x63, 0x0C, 0x9B, 0xA3, 0x38, 0xC8, 0x0A, 0xDF, 0x30, 0xFA, 0x42, 0x91, 0xD7, 0x72,
    0x95, 0xF5, 0x18, 0xAE, 0x8C, 0x2E, 0x2F, 0x15, 0x81, 0xC4, 0xC7, 0x11, 0x87, 0x9B, 0x84, 0xE3,
    0xAA, 0x69, 0xD9, 0xA3, 0x2A, 0xD4, 0x28, 0xE2, 0x69, 0xBA, 0x75, 0x62, 0xA5, 0x17, 0xD1, 0x9F,
    0x80, 0xBE, 0x36, 0xFD, 0x92, 0xBF, 0xE0, 0xAD, 0xFF, 0x00, 0xF0, 0x42, 0xDF, 0x1A, 0x5F, 0x7C,
    0x51, 0xFD, 0x9E, 0x3C, 0x4F, 0x75, 0xE3, 0x0F, 0x86, 0xEF, 0x76, 0x25, 0xD4, 0x2E, 0x34, 0x4B,
    0x09, 0x6F, 0x34, 0xCB, 0x88, 0xB3, 0xD7, 0x51, 0xD3, 0x32, 0x5A, 0xDE, 0x40, 0x00, 0x06, 0xE2,
    0x02, 0x02, 0xF5, 0xF3, 0x57, 0x3B, 0x1B, 0xE9, 0xFF, 0x00, 0x81, 0x9F, 0xF0, 0x5D, 0x0F, 0xF8,
    0x27, 0x1F, 0xFC, 0x14, 0x27, 0xE1, 0xF9, 0xF8, 0x07, 0xFF, 0x00, 0x05, 0x01, 0xF8, 0x65, 0xA3,
    0xF8, 0x52, 0x5D, 0x45, 0x42, 0x5D, 0x43, 0xE2, 0xA5, 0x4B, 0xFF, 0x00, 0x0F, 0xDC, 0x4B, 0x8D,
    0xBB, 0xE1, 0xBB, 0x03, 0x75, 0xAB, 0x67, 0xEE, 0xB4, 0x82, 0x36, 0x1F, 0xC3, 0x29, 0x35, 0xFA,
    0xA3, 0x75, 0xA5, 0xC3, 0x3A, 0x90, 0xE4, 0x9D, 0xD9, 0x0D, 0x80, 0x01, 0xC1, 0xED, 0x9F, 0x4A,
    0xF8, 0xE7, 0xF6, 0xD0, 0xFF, 0x00, 0x82, 0x17, 0x7E, 0xC1, 0xFF, 0x00, 0xB6, 0x2D, 0xE5, 0xCF,
    0x8B, 0xAF, 0xFC, 0x03, 0x37, 0x82, 0x7C, 0x5B, 0x38, 0x24, 0xF8, 0xA3, 0xC0, 0xEC, 0x96, 0x72,
    0x48, 0xE4, 0xE7, 0x74, 0xD0, 0x6D, 0x30, 0xCE, 0x37, 0x72, 0x77, 0x26, 0xF3, 0xFC, 0x32, 0x21,
    0x39, 0xAF, 0xBA, 0x8F, 0x15, 0x64, 0xB9, 0xEB, 0x8A, 0xCF, 0x28, 0xB8, 0x56, 0x5B, 0x57, 0xA3,
    0xEE, 0xCE, 0xFD, 0xE5, 0x1B, 0xA4, 0xDF, 0x9A, 0xF9, 0x24, 0x7C, 0xEC, 0xF2, 0x9C, 0x66, 0x5F,
    0x7F, 0xA8, 0xCD, 0x38, 0x3F, 0xF9, 0x77, 0x3D, 0x57, 0xC9, 0xF4, 0x3E, 0x1B, 0xFD, 0xB1, 0x3F,
    0xE0, 0xDA, 0xAD, 0x1F, 0xC4, 0xFA, 0x1F, 0xFC, 0x2E, 0x2F, 0xF8, 0x26, 0xF7, 0xC6, 0x0D, 0x3B,
    0x55, 0xD2, 0x2F, 0xA0, 0x6B, 0xBB, 0x5F, 0x09, 0xF8, 0x83, 0x56, 0x17, 0x11, 0xCE, 0x85, 0x8B,
    0x03, 0x65, 0xA9, 0x21, 0x61, 0x27, 0x04, 0xE3, 0xCF, 0xDE, 0x72, 0x00, 0x13, 0x03, 0x82, 0x3E,
    0x1C, 0xFD, 0x9E, 0xFF, 0x00, 0xE0, 0x95, 0x7F, 0xB5, 0x77, 0xC5, 0xCF, 0xDB, 0x43, 0x47, 0xFD,
    0x8E, 0x7E, 0x23, 0xFC, 0x2A, 0xF1, 0x07, 0x81, 0xF5, 0x19, 0xA4, 0x37, 0x3E, 0x24, 0xBF, 0xD5,
    0x6C, 0x0C, 0x69, 0xA6, 0xE9, 0x51, 0xBA, 0x8B, 0x9B, 0xB8, 0xE4, 0x1F, 0xBB, 0x9F, 0xE5, 0x60,
    0xB1, 0xB4, 0x65, 0x95, 0xE4, 0x68, 0xC9, 0x62, 0xAA, 0xC4, 0x7D, 0x9B, 0xAC, 0xFF, 0x00, 0xC1,
    0x1D, 0xFF, 0x00, 0xE0, 0xB0, 0xFF, 0x00, 0xF0, 0x4D, 0xAD, 0x66, 0xEB, 0xC6, 0x7F, 0xF0, 0x4F,
    0x8F, 0xDA, 0x12, 0x4F, 0x12, 0xE8, 0x26, 0x4F, 0x3A, 0x6D, 0x2B, 0x40, 0xBB, 0x4B, 0x2B, 0x8B,
    0x80, 0x08, 0x03, 0xCD, 0xD3, 0x2F, 0x59, 0xED, 0xAE, 0x1F, 0x9E, 0xA1, 0xDD, 0x88, 0xCE, 0x3E,
    0x6C, 0x57, 0xEB, 0x07, 0xEC, 0x36, 0xBF, 0xB5, 0x2E, 0xB1, 0xFB, 0x33, 0xF8, 0x53, 0x5C, 0xFD,
    0xB2, 0xEE, 0x34, 0x81, 0xF1, 0x1A, 0xEB, 0x4F, 0xFB, 0x46, 0xB9, 0x6F, 0xA2, 0x69, 0xE6, 0xDE,
    0x2B, 0x56, 0x76, 0xDE, 0xB0, 0x3A, 0x89, 0x5D, 0x1A, 0x54, 0x05, 0x44, 0x8D, 0x1E, 0xD4, 0x2E,
    0x08, 0x0A, 0x36, 0xE4, 0xFD, 0x5E, 0x27, 0x8E, 0xB3, 0x9C, 0x83, 0x2B, 0x5F, 0x57, 0xC7, 0x52,
    0xC6, 0x42, 0x69, 0xC6, 0x12, 0xD6, 0x35, 0xA0, 0xED, 0xA3, 0x92, 0xB6, 0xA9, 0x79, 0xF5, 0xB6,
    0xBD, 0x0F, 0x2E, 0x96, 0x43, 0x82, 0xC7, 0xE3, 0x13, 0x9D, 0x09, 0x51, 0x92, 0xD5, 0xAD, 0x1C,
    0x5F, 0xA3, 0xF3, 0x3B, 0xDF, 0x82, 0x7F, 0x08, 0x7C, 0x03, 0xF0, 0x2B, 0xE1, 0x86, 0x85, 0xF0,
    0x8F, 0xE1, 0x7F, 0x86, 0xE1, 0xD2, 0xB4, 0x1F, 0x0F, 0x69, 0xB0, 0xD9, 0x69, 0x76, 0x30, 0x0C,
    0x08, 0xE2, 0x45, 0x00, 0x67, 0x3C, 0x92, 0x40, 0xC9, 0x3D, 0xC9, 0x26, 0xBA, 0xEA, 0x8E, 0xDE,
    0x01, 0x04, 0x6B, 0x1A, 0x9E, 0x15, 0x40, 0x19, 0xA9, 0x2B, 0xF1, 0x49, 0x4E, 0x75, 0x26, 0xE7,
    0x27, 0x76, 0xF5, 0x7E, 0xA7, 0xDD, 0x46, 0x31, 0x8C, 0x52, 0x4A, 0xC9, 0x05, 0x14, 0x51, 0x52,
    0x31, 0xAF, 0x22, 0x47, 0xF7, 0xDB, 0x15, 0xF1, 0x3F, 0xFC, 0x16, 0x87, 0xFE, 0x0A, 0x6F, 0xA5,
    0x7F, 0xC1, 0x3F, 0x7F, 0x67, 0x89, 0x2D, 0x7C, 0x11, 0xAC, 0xC4, 0xDF, 0x12, 0x3C, 0x69, 0x0C,
    0xB6, 0x5E, 0x0D, 0xB3, 0x2B, 0xB8, 0xD8, 0xAE, 0xDD, 0xB2, 0xEA, 0x32, 0x29, 0xE3, 0x64, 0x39,
    0x1B, 0x54, 0xFD, 0xE9, 0x59, 0x57, 0x07, 0x0E, 0x07, 0xD3, 0x7F, 0xB4, 0xC7, 0xED, 0x09, 0xF0,
    0xD7, 0xF6, 0x5B, 0xF8, 0x2D, 0xE2, 0x1F, 0x8F, 0x5F, 0x16, 0xF5, 0x91, 0x61, 0xE1, 0xFF, 0x00,
    0x0C, 0xE9, 0xCF, 0x77, 0x7F, 0x32, 0x9C, 0xC9, 0x26, 0x30, 0x12, 0x18, 0xC7, 0x1B, 0xA5, 0x91,
    0xCA, 0xC6, 0x8B, 0xD4, 0xBB, 0xAF, 0xD4, 0x7F, 0x2D, 0x3F, 0xB7, 0x17, 0xED, 0x87, 0xF1, 0x37,
    0xF6, 0xE3, 0xFD, 0xA4, 0xF5, 0xFF, 0x00, 0xDA, 0x07, 0xE2, 0x65, 0xC9, 0x89, 0xF5, 0x09, 0x7E,
    0xCF, 0xA4, 0x69, 0x41, 0xF7, 0x45, 0xA4, 0xE9, 0xE8, 0x48, 0x86, 0xDA, 0x33, 0xCF, 0x45, 0x3B,
    0x99, 0x87, 0xDF, 0x62, 0xCD, 0xDC, 0x1A, 0xFD, 0x13, 0xC3, 0x9E, 0x10, 0x7C, 0x4D, 0x99, 0xBA,
    0xF5, 0xD7, 0xFB, 0x3D, 0x1D, 0x65, 0xFD, 0xE9, 0x74, 0x8F, 0xEA, 0xFC, 0x95, 0xB4, 0xBD, 0xCF,
    0x98, 0xE2, 0x6C, 0xEE, 0x39, 0x5E, 0x17, 0xD9, 0xD3, 0x7F, 0xBC, 0x9E, 0xDE, 0x4B, 0xB9, 0xE5,
    0xBA, 0xD6, 0xB3, 0xA9, 0xF8, 0x9B, 0x57, 0x9B, 0x57, 0xD5, 0xF5, 0x2B, 0x8B, 0xFD, 0x42, 0xFA,
    0xE9, 0xE5, 0xB9, 0xBB, 0xBA, 0x90, 0xBC, 0xD7, 0x33, 0x39, 0x0C, 0xCE, 0xEE, 0x79, 0x77, 0x76,
    0x2D, 0x92, 0x79, 0x24, 0x28, 0x00, 0x74, 0x3F, 0xAF, 0x7F, 0xF0, 0x6D, 0xFF, 0x00, 0xFC, 0x12,
    0xE6, 0x5D, 0x4E, 0x58, 0x7F, 0xE0, 0xA0, 0xFF, 0x00, 0x1B, 0x3C, 0x36, 0xAF, 0x1C, 0x2C, 0x53,
    0xE1, 0x76, 0x99, 0x74, 0x01, 0x05, 0xBE, 0x64, 0x97, 0x56, 0x20, 0x9E, 0x3E, 0x57, 0x78, 0xA1,
    0x3D, 0x81, 0x9A, 0x40, 0x0E, 0xE8, 0xCB, 0x7C, 0x4D, 0xFF, 0x00, 0x04, 0x89, 0xFF, 0x00, 0x82,
    0x70, 0xF8, 0x83, 0xFE, 0x0A, 0x19, 0xFB, 0x4C, 0xC3, 0xE1, 0x6D, 0x7A, 0xCA, 0xE6, 0x1F, 0x87,
    0xFE, 0x1A, 0xD9, 0x7B, 0xF1, 0x03, 0x53, 0x88, 0xEC, 0x06, 0xDF, 0x23, 0x6D, 0x82, 0x3F, 0x69,
    0x67, 0x20, 0xAF, 0x1C, 0xAC, 0x62, 0x47, 0xEA, 0xA1, 0x4F, 0xF4, 0xDF, 0xE0, 0xFF, 0x00, 0x0A,
    0x78, 0x7B, 0xC0, 0xDE, 0x1C, 0xB1, 0xF0, 0xA7, 0x84, 0xF4, 0x7B, 0x7D, 0x3F, 0x4D, 0xD3, 0x6C,
    0xE3, 0xB5, 0xB0, 0xB1, 0xB5, 0x84, 0x47, 0x1D, 0xBC, 0x31, 0xA8, 0x55, 0x45, 0x50, 0x30, 0x00,
    0x03, 0xA0, 0xAF, 0xD0, 0xBC, 0x54, 0xE2, 0xF5, 0x80, 0xC3, 0xFF, 0x00, 0x62, 0x60, 0x9D, 0xA7,
    0x25, 0xFB, 0xCB, 0x69, 0xCB, 0x1E, 0x91, 0x5D, 0x9B, 0xEB, 0xFD, 0xDF, 0x53, 0xE7, 0x38, 0x4B,
    0x26, 0x78, 0x8A, 0x9F, 0x5E, 0xAE, 0xB4, 0x5F, 0x0F, 0x9B, 0xEF, 0xF2, 0x34, 0x17, 0x6C, 0x30,
    0x28, 0x71, 0x82, 0xA3, 0x24, 0x28, 0xFF, 0x00, 0x0A, 0xFC, 0xC7, 0xFF, 0x00, 0x83, 0x86, 0x7F,
    0xE0, 0xA7, 0xF0, 0xFE, 0xCE, 0x9F, 0x09, 0x07, 0xEC, 0x83, 0xF0, 0x53, 0xC4, 0xC2, 0x2F, 0x1E,
    0x78, 0xEB, 0x4F, 0x6F, 0xED, 0xEB, 0xCB, 0x49, 0xB6, 0x3E, 0x8B, 0xA2, 0xB0, 0x21, 0x88, 0x65,
    0xF9, 0x92, 0x6B, 0x92, 0x1A, 0x24, 0x3D, 0x44, 0x7E, 0x6B, 0x8C, 0x1F, 0x2D, 0xAB, 0xEC, 0xCF,
    0xDB, 0xF7, 0xF6, 0xD1, 0xF8, 0x7B, 0xFB, 0x0C, 0xFE, 0xCD, 0x1E, 0x23, 0xF8, 0xF5, 0xF1, 0x04,
    0x79, 0x86, 0xC2, 0xDB, 0xC9, 0xD0, 0xF4, 0xA4, 0x94, 0x2C, 0xBA, 0xB6, 0xA0, 0xF9, 0x10, 0x5A,
    0x47, 0xEE, 0xE4, 0x65, 0x88, 0xFB, 0xA9, 0xB9, 0xB8, 0xC5, 0x7F, 0x2D, 0xBF, 0x1E, 0xBE, 0x37,
    0x7C, 0x45, 0xFD, 0xA3, 0xFE, 0x2D, 0x6B, 0xDF, 0x1C, 0xBE, 0x2D, 0x6B, 0x9F, 0xDA, 0x5E, 0x22,
    0xF1, 0x2E, 0xA2, 0xF7, 0x9A, 0x9D, 0xD2, 0x82, 0xA9, 0xB9, 0xB1, 0xB5, 0x23, 0x53, 0x9D, 0xB1,
    0x22, 0x85, 0x54, 0x5C, 0xF0, 0xAA, 0xA3, 0xDC, 0xFC, 0x57, 0x86, 0x3C, 0x1F, 0xFD, 0xBB, 0x99,
    0x7F, 0x68, 0x62, 0x63, 0x7A, 0x14, 0x5A, 0xB2, 0xFE, 0x79, 0xAD, 0x52, 0xF4, 0x5A, 0x37, 0xD3,
    0x64, 0x7B, 0x9C, 0x57, 0x9D, 0x3C, 0xBF, 0x0D, 0xF5, 0x7A, 0x4F, 0xDF, 0x9A, 0xFB, 0x97, 0xF9,
    0xB3, 0x92, 0x48, 0xD3, 0x79, 0xF2, 0xBE, 0xE0, 0x38, 0x43, 0xB0, 0x2F, 0xCB, 0xD0, 0x7C, 0xA3,
    0x85, 0xE3, 0xB0, 0xE0, 0x74, 0x1C, 0x01, 0x52, 0x2C, 0x6A, 0x87, 0x2A, 0x69, 0xB1, 0x02, 0xAA,
    0x77, 0x75, 0xED, 0xEF, 0x4E, 0x62, 0x55, 0x37, 0x8C, 0x13, 0xE9, 0x93, 0x9F, 0xD0, 0x57, 0xF5,
    0x0A, 0x84, 0xAD, 0xA2, 0x3F, 0x2A, 0x94, 0xE5, 0x6B, 0xB1, 0x68, 0xA6, 0x09, 0x80, 0x4F, 0x31,
    0xCA, 0xAA, 0xE3, 0x92, 0xCD, 0xB7, 0x1F, 0x89, 0xC0, 0xFD, 0x6B, 0x73, 0xE1, 0xFF, 0x00, 0xC3,
    0x7F, 0x88, 0xFF, 0x00, 0x16, 0xAF, 0x57, 0x4E, 0xF8, 0x53, 0xE0, 0x0D, 0x6B, 0xC4, 0xF3, 0x33,
    0x6D, 0x58, 0xFC, 0x3D, 0xA4, 0x5C, 0x5F, 0x1C, 0xFF, 0x00, 0xDB, 0x08, 0xDF, 0x1D, 0x2B, 0x0A,
    0xB5, 0xE8, 0xD1, 0x8F, 0x35, 0x49, 0x28, 0xAE, 0xED, 0xD9, 0x7D, 0xEF, 0x42, 0xE1, 0x1A, 0x93,
    0xD9, 0x5D, 0xF9, 0x6A, 0x62, 0xB4, 0x88, 0x98, 0xDC, 0x7A, 0xF4, 0xE2, 0xA3, 0x12, 0xC8, 0x5B,
    0x31, 0xA1, 0x20, 0x1E, 0xA0, 0x57, 0xD3, 0xBE, 0x18, 0xFF, 0x00, 0x82, 0x40, 0x7E, 0xDE, 0x7A,
    0xBE, 0x93, 0x1F, 0x89, 0xFE, 0x21, 0xFC, 0x2A, 0xD3, 0x3E, 0x1A, 0xE8, 0xAF, 0x82, 0x35, 0xCF,
    0x8A, 0xBE, 0x2B, 0xB1, 0xD0, 0xAD, 0xC0, 0x3F, 0xEC, 0x4D, 0x29, 0x9C, 0xF1, 0x93, 0x81, 0x17,
    0xA7, 0xAD, 0x6E, 0x47, 0xFB, 0x26, 0x7F, 0xC1, 0x33, 0xFE, 0x04, 0x5C, 0x83, 0xFB, 0x4C, 0x7F,
    0xC1, 0x40, 0x67, 0xF1, 0xCE, 0xAB, 0x19, 0x1E, 0x67, 0x84, 0xBE, 0x04, 0xF8, 0x61, 0xEF, 0x1A,
    0x4C, 0xF4, 0x43, 0xAA, 0xDF, 0x2A, 0xDA, 0x20, 0xEB, 0x9C, 0x0C, 0x8F, 0xD6, 0xBC, 0x69, 0x71,
    0x3E, 0x4C, 0xA5, 0xC9, 0x46, 0x7E, 0xDA, 0x5F, 0xCB, 0x4E, 0x2E, 0xA3, 0xFF, 0x00, 0xC9, 0x6E,
    0x97, 0xCD, 0xA3, 0xB2, 0x39, 0x56, 0x3A, 0x4F, 0x9A, 0x6B, 0x92, 0x3D, 0xE4, 0xD4, 0x7F, 0x3D,
    0x7F, 0x03, 0xE4, 0xC5, 0x4B, 0x99, 0x5A, 0x38, 0xCC, 0x4D, 0x99, 0x9F, 0x6C, 0x20, 0x0C, 0x97,
    0x6E, 0xCA, 0x00, 0xE5, 0x8F, 0xB0, 0xE7, 0xF2, 0xAF, 0xAE, 0xFF, 0x00, 0x64, 0x5F, 0xF8, 0x22,
    0xAF, 0xED, 0x81, 0xFB, 0x4D, 0xE8, 0xA3, 0xE2, 0x5F, 0x8E, 0xB4, 0x9B, 0x2F, 0x85, 0x3F, 0x0F,
    0xE0, 0x51, 0x3D, 0xEF, 0x8D, 0xFE, 0x24, 0xB9, 0xB2, 0x41, 0x6F, 0xD5, 0xA4, 0x82, 0xD9, 0xF6,
    0xC8, 0xCA, 0x17, 0x24, 0x3B, 0xF9, 0x71, 0x93, 0xC6, 0xFE, 0x0E, 0x3B, 0xBF, 0x83, 0x3F, 0xB7,
    0x57, 0x84, 0xFC, 0x19, 0xAD, 0xFF, 0x00, 0xC2, 0xBE, 0xFF, 0x00, 0x82, 0x40, 0xFF, 0x00, 0xC1,
    0x31, 0xAC, 0x47, 0x8A, 0xD5, 0xBC, 0xA8, 0xFC, 0x75, 0xE2, 0x7B, 0x29, 0x7C, 0x5F, 0xE2, 0x18,
    0xCE, 0x40, 0x04, 0x0C, 0x79, 0x76, 0x8F, 0xDF, 0x2C, 0xFE, 0x50, 0xCE, 0x02, 0xE0, 0x8A, 0xF6,
    0xCD, 0x23, 0xFE, 0x08, 0xFF, 0x00, 0xFF, 0x00, 0x05, 0x89, 0xFF, 0x00, 0x82, 0x92, 0xEB, 0xD0,
    0x78, 0xB3, 0xFE, 0x0A, 0x17, 0xFB, 0x43, 0x4D, 0xE1, 0x5F, 0x0F, 0x99, 0x56, 0x41, 0xA5, 0x6B,
    0xFA, 0xAA, 0xDE, 0xCD, 0x10, 0x6C, 0x13, 0xE4, 0xE9, 0x76, 0x85, 0x2D, 0x6D, 0xDC, 0x0C, 0x60,
    0xB3, 0x02, 0xA7, 0x3C, 0x37, 0x15, 0xF3, 0x19, 0xD7, 0x15, 0x63, 0x70, 0xD4, 0xED, 0x52, 0x54,
    0xF0, 0x71, 0xEF, 0x51, 0xA9, 0xD5, 0xFF, 0x00, 0xB7, 0x69, 0x45, 0xB4, 0x9F, 0xF8, 0xA4, 0xED,
    0xD8, 0xF6, 0xB0, 0x39, 0x3D, 0x1A, 0x92, 0xD1, 0x4A, 0xB4, 0xBB, 0x45, 0x72, 0xC7, 0xE7, 0x27,
    0xD3, 0xD1, 0x15, 0x3C, 0x35, 0xFB, 0x63, 0x7F, 0xC1, 0x23, 0x3F, 0xE0, 0x8F, 0x76, 0x4D, 0x65,
    0xFB, 0x17, 0xF8, 0x3F, 0xFE, 0x17, 0xC7, 0xC5, 0xA1, 0x6C, 0xF0, 0x5E, 0xFC, 0x46, 0xBD, 0x9D,
    0x05, 0x9C, 0x2D, 0x83, 0xB9, 0x23, 0xB9, 0x20, 0xA4, 0x71, 0x93, 0x8C, 0xC7, 0x6A, 0xA4, 0x1E,
    0xAD, 0x2B, 0x63, 0x23, 0x94, 0xF0, 0x2F, 0xEC, 0x93, 0xFF, 0x00, 0x05, 0x6C, 0xFF, 0x00, 0x82,
    0xEC, 0x78, 0xCE, 0xCB, 0xE2, 0x8F, 0xED, 0x07, 0xE2, 0x7B, 0x9F, 0x07, 0x7C, 0x39, 0x5B, 0xA1,
    0x36, 0x97, 0x71, 0xAC, 0x5A, 0x49, 0x6B, 0xA6, 0xDB, 0xC4, 0x49, 0xF9, 0xB4, 0xED, 0x34, 0x90,
    0xD7, 0x52, 0xE0, 0x63, 0xED, 0x53, 0x64, 0xB6, 0x13, 0xF7, 0xC4, 0x7C, 0x95, 0xFA, 0x5F, 0xFB,
    0x19, 0x7F, 0xC1, 0x0A, 0xBF, 0x60, 0xEF, 0xD8, 0xF5, 0xED, 0x7C, 0x51, 0x6B, 0xE0, 0x49, 0xFC,
    0x73, 0xE2, 0xB8, 0x30, 0xE3, 0xC4, 0xDE, 0x3A, 0x64, 0xBC, 0x68, 0xA4, 0xEB, 0xBE, 0x0B, 0x6D,
    0xA2, 0xDE, 0x03, 0xFE, 0xD2, 0xC7, 0xBF, 0xFD, 0xBA, 0xFB, 0x1E, 0xDF, 0x4F, 0x86, 0x1C, 0xF9,
    0x69, 0xB7, 0xA6, 0x09, 0xE4, 0xFF, 0x00, 0x9F, 0xE5, 0x5F, 0x90, 0xE3, 0x78, 0xDB, 0x2E, 0xC0,
    0xD7, 0x95, 0x5C, 0xAE, 0x9C, 0xAA, 0xE2, 0x1E, 0xF8, 0x8A, 0xF6, 0x94, 0xFF, 0x00, 0xED, 0xC8,
    0x6B, 0x18, 0xAE, 0xDD, 0x17, 0x63, 0xEC, 0x28, 0x64, 0x78, 0x8A, 0xF1, 0x51, 0xC5, 0xC9, 0x46,
    0x9A, 0xFF, 0x00, 0x97, 0x70, 0xD1, 0x7C, 0xDE, 0xEC, 0xF9, 0xEB, 0xF6, 0x0F, 0xFF, 0x00, 0x82,
    0x64, 0x7E, 0xCC, 0x9F, 0xF0, 0x4F, 0x6F, 0x07, 0x7F, 0x60, 0xFC, 0x11, 0xF0, 0x42, 0xCB, 0xAD,
    0x5E, 0x42, 0x13, 0x5C, 0xF1, 0x8E, 0xA8, 0x56, 0x5D, 0x4F, 0x52, 0xC1, 0xFB, 0xAF, 0x2E, 0x01,
    0x8E, 0x21, 0xD4, 0x43, 0x1E, 0xD8, 0xC7, 0x70, 0xC7, 0x24, 0xFD, 0x1A, 0x15, 0x47, 0x41, 0x4B,
    0x45, 0x7E, 0x77, 0x8B, 0xC6, 0x62, 0xB1, 0xF8, 0x89, 0x62, 0x31, 0x33, 0x73, 0x9C, 0xB5, 0x6D,
    0xBB, 0xB6, 0x7D, 0x2D, 0x1A, 0x34, 0xB0, 0xF4, 0xD5, 0x3A, 0x51, 0x4A, 0x2B, 0xA2, 0x0A, 0x28,
    0xA2, 0xB9, 0x8D, 0x42, 0x8A, 0x28, 0xA0, 0x02, 0x8A, 0x28, 0xA0, 0x02, 0x8A, 0x28, 0xA0, 0x02,
    0x8A, 0x28, 0xA0, 0x02, 0x8A, 0x28, 0xA0, 0x02, 0x8A, 0x28, 0xA0, 0x02, 0x82, 0x01, 0xEB, 0x45,
    0x14, 0x01, 0x1C, 0x96, 0xD1, 0x3A, 0x6D, 0x28, 0x0F, 0x18, 0xE7, 0x9A, 0x58, 0x60, 0x48, 0x89,
    0x60, 0xA3, 0x2D, 0xD4, 0x81, 0xC9, 0xA7, 0xD1, 0x45, 0x95, 0xC0, 0x28, 0xA2, 0x8A, 0x00, 0x2A,
    0x3B, 0x96, 0x75, 0x81, 0x9A, 0x31, 0x96, 0x03, 0x8A, 0x92, 0x99, 0x3C, 0x42, 0x68, 0xCC, 0x67,
    0x1D, 0x41, 0x04, 0x80, 0x71, 0x83, 0x9E, 0xF4, 0x3D, 0x80, 0xFE, 0x7F, 0x7F, 0xE0, 0xE1, 0xCF,
    0xDB, 0xD7, 0xE2, 0x5F, 0xED, 0x19, 0xF1, 0xB1, 0xBF, 0x66, 0xFF, 0x00, 0x08, 0xE8, 0x5A, 0xEE,
    0x97, 0xF0, 0xEB, 0xC0, 0x37, 0xF2, 0x25, 0xD5, 0xD5, 0xD6, 0x99, 0x71, 0x6D, 0x1E, 0xB9, 0xAA,
    0xA8, 0x2A, 0xD7, 0x19, 0x74, 0x02, 0x48, 0x21, 0x18, 0x58, 0xB9, 0xC3, 0x39, 0x77, 0xE8, 0x10,
    0x9F, 0xCF, 0x5F, 0x83, 0x9F, 0x0B, 0xBC, 0x6B, 0xF1, 0xE3, 0xE2, 0x86, 0x8D, 0xF0, 0x7F, 0xE1,
    0x3E, 0x84, 0xDA, 0xD7, 0x88, 0xFC, 0x45, 0xA9, 0x25, 0x96, 0x93, 0xA6, 0x5A, 0x90, 0xE6, 0x49,
    0x1C, 0xF0, 0x1B, 0x07, 0xF7, 0x71, 0xA8, 0x2C, 0xCE, 0xED, 0xC2, 0x22, 0x66, 0xBF, 0xB0, 0x09,
    0xF4, 0x1B, 0x2B, 0xBC, 0xAD, 0xF5, 0xA4, 0x13, 0xA9, 0x39, 0xDB, 0x32, 0x6E, 0x19, 0xF5, 0xC1,
    0x24, 0x56, 0x3D, 0xAF, 0xC2, 0x0F, 0x86, 0xD6, 0x3E, 0x24, 0x8B, 0xC6, 0x16, 0x5F, 0x0F, 0x74,
    0x18, 0x75, 0x58, 0x73, 0xE5, 0x6A, 0x51, 0x69, 0x30, 0xAD, 0xC2, 0x67, 0x83, 0x89, 0x42, 0x6F,
    0x19, 0x19, 0x07, 0xE6, 0xE4, 0x1C, 0x57, 0xEB, 0x79, 0x17, 0x8A, 0x34, 0x72, 0x1C, 0x96, 0x38,
    0x0C, 0x36, 0x09, 0x2E, 0x55, 0xA3, 0xE6, 0xDE, 0x5F, 0xCD, 0x25, 0xCB, 0xAD, 0xDE, 0xAD, 0x7C,
    0x91, 0xF1, 0x98, 0xFE, 0x13, 0x9E, 0x61, 0x8D, 0x78, 0x8A, 0xB5, 0xAF, 0x76, 0xB4, 0xB7, 0x4E,
    0xCB, 0x53, 0xC9, 0x7F, 0xE0, 0x9C, 0xDF, 0xB1, 0x07, 0x80, 0x3F, 0x60, 0x8F, 0xD9, 0xB7, 0x46,
    0xF8, 0x11, 0xE1, 0x01, 0xF6, 0xBB, 0xD8, 0xD0, 0xDD, 0x78, 0x9B, 0x5A, 0x92, 0x30, 0x24, 0xD5,
    0x75, 0x09, 0x30, 0xD2, 0xCC, 0x71, 0xFC, 0x00, 0x9D, 0x88, 0xA7, 0xEE, 0xA2, 0xA8, 0xEE, 0x73,
    0xED, 0xFA, 0xFE, 0xB7, 0xA7, 0xF8, 0x6F, 0x4E, 0x9F, 0x56, 0xD5, 0x2F, 0x22, 0xB6, 0xB5, 0xB6,
    0x86, 0x49, 0xEE, 0x6E, 0x27, 0x90, 0x2A, 0x45, 0x1A, 0x29, 0x77, 0x76, 0x27, 0xA2, 0x85, 0x04,
    0x9A, 0xBF, 0x1C, 0x7B, 0x0E, 0x76, 0xA8, 0xE3, 0xB5, 0x64, 0x78, 0xF7, 0xE1, 0xFF, 0x00, 0x84,
    0xBE, 0x27, 0x78, 0x53, 0x51, 0xF0, 0x2F, 0x8F, 0x7C, 0x3D, 0x67, 0xAB, 0xE8, 0xDA, 0xB5, 0xA3,
    0x5A, 0xEA, 0x7A, 0x5E, 0xA1, 0x08, 0x92, 0x0B, 0xA8, 0x58, 0x61, 0x91, 0xD4, 0xF0, 0xCA, 0x7B,
    0x83, 0xD4, 0x57, 0xE5, 0x78, 0x9C, 0x4D, 0x6C, 0x76, 0x2A, 0x58, 0x8C, 0x44, 0x9C, 0xA5, 0x37,
    0x79, 0x3E, 0xAE, 0xEF, 0x5F, 0xF8, 0x07, 0xD6, 0xD2, 0xA3, 0x0C, 0x3D, 0x05, 0x4E, 0x92, 0xB2,
    0x4A, 0xC8, 0xFC, 0x54, 0xFF, 0x00, 0x82, 0x98, 0xFF, 0x00, 0xC1, 0x40, 0x7F, 0xE0, 0x92, 0x1F,
    0xB7, 0xF7, 0x8D, 0xB4, 0xE4, 0xF8, 0xC9, 0xF1, 0x53, 0xF6, 0x83, 0x1A, 0x77, 0x83, 0x66, 0xBA,
    0xB4, 0xD2, 0x74, 0xEF, 0x04, 0xE8, 0x9A, 0x6C, 0x5A, 0x75, 0xD4, 0x8C, 0xC5, 0x1E, 0xF1, 0x0D,
    0xCA, 0x48, 0x64, 0x2C, 0xA8, 0xA0, 0x33, 0x15, 0xF9, 0x33, 0xB4, 0x0D, 0xC4, 0x1F, 0x95, 0x6F,
    0x1F, 0xFE, 0x08, 0x41, 0xA7, 0xEE, 0x92, 0x1D, 0x23, 0xF6, 0xAD, 0xD7, 0x31, 0xEB, 0xA8, 0xF8,
    0x76, 0xD5, 0x53, 0x24, 0x9E, 0x49, 0x8D, 0x7B, 0x93, 0xEB, 0x8E, 0x9C, 0x71, 0x5F, 0xBD, 0x56,
    0x5F, 0xF0, 0x4A, 0x0F, 0xF8, 0x26, 0xBE, 0x9E, 0xE2, 0x4B, 0x5F, 0xD8, 0x47, 0xE1, 0x4A, 0x95,
    0x18, 0xC7, 0xFC, 0x21, 0x96, 0x84, 0x7A, 0x74, 0x31, 0x90, 0x2B, 0x67, 0x4A, 0xFF, 0x00, 0x82,
    0x70, 0x7E, 0xC0, 0x9A, 0x2C, 0xBE, 0x76, 0x99, 0xFB, 0x12, 0xFC, 0x27, 0x85, 0xC0, 0xC0, 0x75,
    0xF0, 0x06, 0x9E, 0x59, 0x7E, 0x84, 0xC2, 0x6B, 0xF4, 0xDC, 0xBF, 0x8E, 0x72, 0x5C, 0xAB, 0x07,
    0x1C, 0x36, 0x1A, 0x38, 0x95, 0x08, 0xF4, 0x55, 0x62, 0x97, 0x9E, 0xD1, 0xBE, 0xAF, 0x5D, 0xCF,
    0x97, 0xC4, 0xE4, 0x18, 0xDC, 0x5D, 0x77, 0x52, 0xA3, 0xA5, 0xCC, 0xFA, 0xF2, 0x37, 0xF9, 0xB3,
    0xF9, 0xEE, 0xB9, 0xF8, 0xD3, 0xFF, 0x00, 0x04, 0x4A, 0xF0, 0xDC, 0x7B, 0xF4, 0xAF, 0xD8, 0xD7,
    0xE3, 0x26, 0xB8, 0xE1, 0x71, 0x1B, 0x78, 0x97, 0xE2, 0xED, 0xB5, 0xA0, 0x2C, 0x3A, 0x8C, 0x59,
    0xC6, 0x7F, 0xC2, 0xB5, 0x74, 0x5F, 0xDA, 0x27, 0xF6, 0x3C, 0xD6, 0x5A, 0x28, 0x7E, 0x03, 0x7F,
    0xC1, 0x12, 0x21, 0xF1, 0x0C, 0xE0, 0x8F, 0x26, 0x6D, 0x77, 0xC6, 0xFA, 0xF6, 0xB5, 0xBB, 0xD1,
    0x8C, 0x76, 0xE8, 0x81, 0xBA, 0x8E, 0xFD, 0xFD, 0xEB, 0xFA, 0x31, 0xF0, 0xCF, 0xEC, 0xE1, 0xF0,
    0x13, 0xC1, 0x58, 0xFF, 0x00, 0x84, 0x33, 0xE0, 0x7F, 0x83, 0x74, 0x92, 0xBF, 0x71, 0xB4, 0xDF,
    0x0C, 0x5A, 0xDB, 0x95, 0xF7, 0xCC, 0x71, 0xAD, 0x75, 0x36, 0xFA, 0x15, 0x9D, 0xB1, 0xC4, 0x16,
    0x90, 0x46, 0xA3, 0xA0, 0x89, 0x0A, 0x80, 0x47, 0xB0, 0x35, 0x75, 0xBC, 0x48, 0xC1, 0x4B, 0xE1,
    0xC3, 0x55, 0x97, 0xF8, 0xF1, 0x35, 0x3F, 0x28, 0xD9, 0x32, 0x61, 0xC3, 0x35, 0xD3, 0x4F, 0xDA,
    0x45, 0x7A, 0x53, 0x8F, 0xEB, 0x73, 0xF9, 0xF6, 0xF0, 0x46, 0xA5, 0xFF, 0x00, 0x05, 0x31, 0xF1,
    0x2D, 0xC4, 0x6F, 0xFB, 0x33, 0xFF, 0x00, 0xC1, 0x15, 0xBE, 0x1D, 0x78, 0x40, 0x31, 0x1F, 0x67,
    0xD4, 0x62, 0xF8, 0x0E, 0xF2, 0xCE, 0x80, 0xF4, 0xFF, 0x00, 0x4A, 0xD6, 0xE5, 0x75, 0xE3, 0xAE,
    0x76, 0xA7, 0x5E, 0xB5, 0xEC, 0x1A, 0x67, 0xEC, 0x3B, 0xFF, 0x00, 0x07, 0x29, 0x7E, 0xD0, 0x16,
    0x89, 0x63, 0xE3, 0xBF, 0x8F, 0x92, 0xFC, 0x3A, 0xD2, 0xDF, 0x83, 0x60, 0x9E, 0x34, 0xB4, 0xD3,
    0x44, 0x68, 0x47, 0xDD, 0x48, 0x34, 0x38, 0xDF, 0x68, 0xF6, 0x2E, 0x3F, 0xA5, 0x7E, 0xD9, 0x25,
    0xAA, 0x8E, 0x5B, 0xAF, 0xA8, 0xA7, 0x88, 0x80, 0x18, 0x1C, 0x9E, 0xC4, 0xD7, 0x8F, 0x5F, 0x8F,
    0xAB, 0xB7, 0xCD, 0x43, 0x05, 0x46, 0x2F, 0xBC, 0xA2, 0xEA, 0x4B, 0xEF, 0x9B, 0x7F, 0x91, 0xD9,
    0x0E, 0x1C, 0x83, 0x7F, 0xBD, 0xAF, 0x36, 0xBB, 0x26, 0xA2, 0xBE, 0xE4, 0x91, 0xF8, 0xD5, 0xE0,
    0x3F, 0xF8, 0x35, 0x83, 0xC6, 0x9E, 0x36, 0xD7, 0x23, 0xF1, 0x5F, 0xED, 0x53, 0xFB, 0x6E, 0xDF,
    0x6A, 0x57, 0x8E, 0xDB, 0xAE, 0x9F, 0x40, 0xD1, 0xA5, 0xB9, 0xBC, 0x6C, 0xE7, 0x20, 0x5F, 0x6A,
    0x13, 0xBB, 0x73, 0xEB, 0xE5, 0x1F, 0xA7, 0x4A, 0xFA, 0xD7, 0xE0, 0x2F, 0xFC, 0x1B, 0xE3, 0xFF,
    0x00, 0x04, 0xCE, 0xF8, 0x21, 0x2C, 0x57, 0x97, 0xBF, 0x06, 0xAE, 0xFC, 0x69, 0x7B, 0x09, 0xCF,
    0xDB, 0x3C, 0x71, 0xAA, 0xBD, 0xE2, 0xB1, 0xE0, 0x73, 0x04, 0x62, 0x3B, 0x73, 0xFF, 0x00, 0x7E,
    0xBF, 0x3E, 0x49, 0xFB, 0x85, 0x54, 0xAF, 0x5A, 0x5A, 0xF2, 0x31, 0xFC, 0x69, 0xC5, 0x19, 0x8C,
    0x1C, 0x2A, 0xE2, 0xA4, 0xA3, 0xDA, 0x36, 0x82, 0xFF, 0x00, 0xC9, 0x52, 0x3B, 0xA8, 0x64, 0x59,
    0x56, 0x1E, 0x5C, 0xD1, 0xA4, 0x9B, 0xEE, 0xF5, 0x7F, 0x89, 0xCF, 0xF8, 0x0B, 0xE1, 0x67, 0xC3,
    0xBF, 0x85, 0x7E, 0x1D, 0x87, 0xC1, 0xFF, 0x00, 0x0C, 0xBC, 0x0D, 0xA3, 0xF8, 0x7B, 0x48, 0xB6,
    0x5C, 0x5B, 0xE9, 0x7A, 0x26, 0x9B, 0x15, 0xA5, 0xBC, 0x63, 0xDA, 0x38, 0x95, 0x54, 0x7E, 0x55,
    0xB4, 0xB6, 0x8B, 0x1F, 0xFA, 0xBC, 0x2F, 0x18, 0xF9, 0x78, 0xE3, 0xD3, 0xE9, 0xED, 0x53, 0x51,
    0x5F, 0x31, 0x29, 0x4A, 0x72, 0x72, 0x93, 0xBB, 0x67, 0xAB, 0x18, 0xA8, 0xAB, 0x25, 0x60, 0x03,
    0x00, 0x0A, 0x28, 0xA2, 0x90, 0xC2, 0x8A, 0x28, 0xA0, 0x02, 0x8A, 0x28, 0xA0, 0x02, 0x8A, 0x28,
    0xA0, 0x02, 0x8A, 0x28, 0xA0, 0x02, 0x8A, 0x28, 0xA0, 0x02, 0x8A, 0x28, 0xA0, 0x02, 0x8A, 0x28,
    0x27, 0x02, 0x80, 0x0A, 0x2B, 0xE6, 0x0F, 0xF8, 0x2A, 0xDF, 0xFC, 0x14, 0x12, 0x5F, 0xF8, 0x27,
    0x3F, 0xEC, 0xBF, 0x2F, 0xC7, 0x3D, 0x2F, 0xC1, 0xD6, 0x5E, 0x21, 0xD6, 0x6E, 0x35, 0xCB, 0x4D,
    0x2B, 0x46, 0xD1, 0x35, 0x0B, 0xE7, 0xB6, 0x8A, 0xE6, 0x59, 0x98, 0x99, 0x0B, 0x48, 0x88, 0xEC,
    0x02, 0x42, 0x92, 0xBF, 0x00, 0x8C, 0xA8, 0x1D, 0x59, 0x41, 0xFC, 0xD4, 0x6F, 0xF8, 0x3B, 0x3B,
    0xE3, 0x9A, 0x30, 0xF3, 0x3F, 0x63, 0x3F, 0x04, 0x21, 0x20, 0x1D, 0x8D, 0xE3, 0xBB, 0xC0, 0xC0,
    0x7F, 0xE0, 0x17, 0xEB, 0x8F, 0x7A, 0xFA, 0x9C, 0x9B, 0x83, 0x38, 0x8F, 0x3F, 0xC2, 0x7D, 0x67,
    0x03, 0x47, 0x9A, 0x17, 0x71, 0xBF, 0x34, 0x56, 0xAB, 0x7D, 0x1B, 0x47, 0x95, 0x8C, 0xCE, 0xB2,
    0xDC, 0x05, 0x5F, 0x65, 0x5E, 0xA5, 0xA5, 0xDA, 0xCC, 0xFD, 0xCA, 0xA2, 0xBF, 0x0C, 0xE6, 0xFF,
    0x00, 0x83, 0xB5, 0x3E, 0x34, 0xC7, 0x17, 0x99, 0x2F, 0xEC, 0x75, 0xE0, 0xBD, 0xA8, 0x41, 0x62,
    0xBE, 0x3A, 0xBC, 0x62, 0x06, 0x46, 0x70, 0x3E, 0xC6, 0x39, 0xC6, 0x6B, 0xF6, 0x4F, 0xF6, 0x71,
    0xF1, 0xD7, 0x8E, 0x7E, 0x26, 0x7C, 0x0A, 0xF0, 0x87, 0xC4, 0x6F, 0x89, 0xDE, 0x15, 0xB5, 0xD0,
    0xBC, 0x41, 0xAE, 0xF8, 0x6E, 0xCF, 0x50, 0xD5, 0xF4, 0x5B, 0x2B, 0x97, 0x9A, 0x2B, 0x09, 0xE6,
    0x85, 0x64, 0x68, 0x16, 0x47, 0x55, 0x67, 0xD9, 0xBB, 0x6E, 0xE2, 0x06, 0x48, 0x38, 0xE3, 0x15,
    0x86, 0x79, 0xC2, 0xB9, 0xE7, 0x0E, 0x42, 0x12, 0xCC, 0x29, 0x72, 0x29, 0xB6, 0x97, 0xBD, 0x17,
    0x7B, 0x6F, 0xB3, 0x66, 0x98, 0x1C, 0xD7, 0x05, 0x98, 0xCA, 0x51, 0xA1, 0x2B, 0xDB, 0x7D, 0x0E,
    0xE6, 0x8A, 0xF8, 0xE7, 0xFE, 0x0A, 0xD5, 0xFF, 0x00, 0x05, 0x58, 0xF0, 0x97, 0xFC, 0x13, 0x4B,
    0xE1, 0xB6, 0x91, 0xA8, 0xE9, 0xDE, 0x1B, 0xB2, 0xF1, 0x4F, 0x8E, 0x7C, 0x47, 0x73, 0xB7, 0x40,
    0xF0, 0x9D, 0xD6, 0xA0, 0xF6, 0xCB, 0x25, 0xBC, 0x6E, 0xBE, 0x7D, 0xCC, 0xD2, 0x22, 0x39, 0x8E,
    0x35, 0x0F, 0xB1, 0x7E, 0x5C, 0xB4, 0x85, 0x40, 0x1B, 0x43, 0xB2, 0x71, 0x9F, 0xF0, 0x47, 0x0F,
    0xF8, 0x2C, 0x2F, 0x8D, 0xFF, 0x00, 0xE0, 0xA7, 0xBA, 0xEF, 0x8F, 0x74, 0x1F, 0x1B, 0x7C, 0x16,
    0xD1, 0x7C, 0x21, 0x71, 0xE0, 0xFB, 0x3D, 0x3E, 0xE2, 0xD1, 0x74, 0x8D, 0x72, 0x6B, 0xDF, 0xB5,
    0x2D, 0xC3, 0x4E, 0xA7, 0x7F, 0x9B, 0x0C, 0x7B, 0x76, 0xB4, 0x2A, 0x06, 0x33, 0x9D, 0xC7, 0xA6,
    0x39, 0xC2, 0x1C, 0x39, 0x9D, 0x4F, 0x25, 0x96, 0x6C, 0xA8, 0xBF, 0xAB, 0xA7, 0x6E, 0x67, 0x65,
    0xD5, 0x2D, 0x16, 0xED, 0x5D, 0xDA, 0xEB, 0x42, 0x9E, 0x67, 0x82, 0x8E, 0x31, 0x61, 0x5C, 0xFF,
    0x00, 0x78, 0xFA, 0x1F, 0x7C, 0xD1, 0x4C, 0x56, 0x41, 0x00, 0x60, 0x78, 0xDB, 0xD6, 0xBC, 0x77,
    0xF6, 0xC7, 0xFD, 0xB8, 0xFF, 0x00, 0x67, 0x2F, 0xD8, 0x83, 0xE1, 0xD3, 0x7C, 0x47, 0xFD, 0xA0,
    0x7E, 0x20, 0x45, 0xA5, 0x40, 0xE4, 0xC7, 0xA5, 0xE9, 0xB0, 0x46, 0xD3, 0x5F, 0x6A, 0x73, 0x81,
    0x9F, 0x26, 0xDA, 0x04, 0x21, 0xE5, 0x6F, 0x52, 0x30, 0xA8, 0x0E, 0x5D, 0x94, 0x57, 0x93, 0x42,
    0x85, 0x7C, 0x55, 0x68, 0xD2, 0xA3, 0x07, 0x29, 0x4B, 0x44, 0x92, 0xBB, 0x7E, 0x89, 0x1D, 0x95,
    0x2A, 0xD3, 0xA3, 0x07, 0x39, 0xB4, 0x92, 0xEA, 0xCF, 0x63, 0x69, 0x11, 0x4E, 0x0B, 0x81, 0xF5,
    0xA1, 0x64, 0x46, 0x3B, 0x43, 0x82, 0x7D, 0x2B, 0xF0, 0xF7, 0xE3, 0xDF, 0xFC, 0x1D, 0x57, 0xF1,
    0x7B, 0x52, 0xD7, 0xA5, 0xD2, 0xBF, 0x66, 0x4F, 0xD9, 0xC3, 0xC3, 0x9A, 0x66, 0x9E, 0x5D, 0x96,
    0xD2, 0xFB, 0xC6, 0xB7, 0xD2, 0xDE, 0x5E, 0xCE, 0xA3, 0xF8, 0x85, 0xBD, 0xB4, 0x90, 0x24, 0x27,
    0xE9, 0x24, 0x98, 0xEF, 0xEF, 0xE7, 0x7A, 0x3F, 0xFC, 0x1D, 0x27, 0xFF, 0x00, 0x05, 0x03, 0xD0,
    0xF5, 0x48, 0xA2, 0xF1, 0x2F, 0xC3, 0x6F, 0x85, 0xD7, 0xCA, 0xCE, 0x37, 0x5A, 0xB6, 0x8D, 0x7D,
    0x11, 0x23, 0xD0, 0x32, 0xDF, 0x70, 0x7F, 0x03, 0xF4, 0x3D, 0x2B, 0xEF, 0x28, 0xF8, 0x61, 0xC6,
    0x15, 0xA9, 0x29, 0xFB, 0x28, 0xC5, 0xB5, 0x74, 0x9C, 0xE3, 0x7F, 0xD6, 0xDF, 0x36, 0x7C, 0xFC,
    0xB8, 0xAF, 0x26, 0x8C, 0xEC, 0xA6, 0xDA, 0xEE, 0xA2, 0xED, 0xF7, 0x9F, 0xD0, 0x45, 0x15, 0xF1,
    0x07, 0xFC, 0x12, 0x23, 0xFE, 0x0A, 0xAB, 0xE2, 0xEF, 0xF8, 0x29, 0xAF, 0x86, 0x7C, 0x5D, 0xA8,
    0x78, 0x8B, 0xE0, 0x12, 0xF8, 0x4A, 0x7F, 0x06, 0x7D, 0x8A, 0x2B, 0xBB, 0xDB, 0x2D, 0x60, 0xDE,
    0x58, 0xDE, 0xCF, 0x70, 0x27, 0x61, 0x1C, 0x61, 0xA2, 0x46, 0x46, 0x41, 0x12, 0xB3, 0x2E, 0x49,
    0x1E, 0x62, 0x73, 0xC8, 0xCF, 0xCD, 0xBF, 0xB6, 0x6F, 0xFC, 0x1C, 0x83, 0xF1, 0x27, 0xF6, 0x7D,
    0xFD, 0xB0, 0xBC, 0x61, 0xFB, 0x2F, 0xFC, 0x15, 0xFD, 0x99, 0x3C, 0x37, 0xE3, 0x38, 0x3C, 0x37,
    0xE2, 0x04, 0xD1, 0x74, 0xFD, 0x52, 0xF3, 0xC5, 0x97, 0x36, 0xF2, 0xEA, 0x17, 0xFB, 0x22, 0x57,
    0x87, 0xCB, 0x4B, 0x66, 0x51, 0xFB, 0xF7, 0x68, 0x81, 0xDC, 0x46, 0x47, 0x3D, 0x46, 0x7C, 0x1A,
    0x1C, 0x27, 0x9F, 0xE2, 0x33, 0x4A, 0xD9, 0x74, 0x29, 0x7E, 0xF6, 0x92, 0xBC, 0x97, 0x34, 0x6C,
    0x97, 0xAD, 0xED, 0xD7, 0x6B, 0x9E, 0x83, 0xCE, 0x32, 0xF5, 0x85, 0x86, 0x21, 0xCF, 0xDD, 0x9E,
    0x8B, 0x4D, 0xD9, 0xFA, 0xE3, 0x45, 0x63, 0xF8, 0x62, 0xE3, 0x5A, 0xBA, 0xD1, 0xEC, 0xE6, 0xF1,
    0x15, 0xBC, 0x50, 0x5F, 0xBD, 0x94, 0x6D, 0x7B, 0x05, 0xBB, 0x96, 0x8D, 0x26, 0xDA, 0xBB, 0xD5,
    0x09, 0x03, 0x80, 0xC1, 0xBB, 0x73, 0xD6, 0xBE, 0x34, 0xFF, 0x00, 0x82, 0xC4, 0xFF, 0x00, 0xC1,
    0x5B, 0xAF, 0x7F, 0xE0, 0x99, 0x5A, 0x4F, 0x82, 0x6C, 0x7C, 0x1F, 0xF0, 0xD3, 0x49, 0xF1, 0x77,
    0x88, 0x3C, 0x5D, 0x73, 0x7B, 0x21, 0xD3, 0x35, 0x5D, 0x5A, 0x5B, 0x44, 0xB7, 0xB2, 0xB6, 0x48,
    0xF7, 0x4F, 0xBE, 0x38, 0xA4, 0xC9, 0x32, 0x4D, 0x1A, 0x05, 0x20, 0x67, 0x2C, 0x46, 0x76, 0x36,
    0x3C, 0xAC, 0xB7, 0x2D, 0xC6, 0xE6, 0xF8, 0xE8, 0x60, 0xF0, 0x91, 0xE6, 0xA9, 0x37, 0x64, 0xAE,
    0x96, 0xCA, 0xEF, 0x57, 0xA1, 0xD7, 0x89, 0xC5, 0x50, 0xC1, 0xD0, 0x75, 0xAB, 0x4A, 0xD1, 0x5D,
    0x4F, 0xB8, 0xE8, 0xAF, 0x9A, 0xFF, 0x00, 0x60, 0x8F, 0xDB, 0x37, 0xC6, 0xDF, 0xB5, 0x37, 0xEC,
    0x43, 0xA5, 0xFE, 0xD8, 0x3F, 0x1A, 0xFE, 0x1E, 0x69, 0xDE, 0x08, 0x87, 0x54, 0xB7, 0xD4, 0x6F,
    0xC5, 0x8D, 0x9E, 0xA5, 0x25, 0xCC, 0x70, 0xE9, 0xD6, 0xD3, 0x4A, 0x8B, 0x70, 0x64, 0x92, 0x34,
    0x24, 0xB2, 0xC4, 0x5F, 0xEE, 0xE0, 0x80, 0x08, 0xE0, 0x83, 0x5F, 0x01, 0x7C, 0x02, 0xFF, 0x00,
    0x83, 0xA3, 0x7C, 0x47, 0xF1, 0x43, 0xF6, 0x83, 0xF0, 0xA7, 0xC3, 0xAF, 0x1D, 0x7E, 0xCD, 0x1E,
    0x1B, 0xD0, 0x7C, 0x25, 0xE2, 0x2F, 0x12, 0xC1, 0x61, 0x73, 0xE2, 0x28, 0xBC, 0x55, 0x73, 0x25,
    0xC5, 0x95, 0xBC, 0xF2, 0x98, 0xE3, 0x98, 0xC2, 0xD6, 0xC1, 0x72, 0x0B, 0x47, 0xB8, 0x6F, 0x20,
    0x65, 0xB0, 0x4D, 0x7A, 0x58, 0x3E, 0x16, 0xCF, 0x73, 0x09, 0xE2, 0x21, 0x86, 0xA5, 0xCC, 0xE8,
    0x5F, 0x9E, 0xCD, 0x59, 0x5A, 0xFA, 0x27, 0x7D, 0x5E, 0x8F, 0x45, 0x7B, 0xD8, 0xE5, 0xAD, 0x9B,
    0xE0, 0x30, 0xF1, 0xA7, 0x2A, 0x93, 0xB7, 0xB4, 0xD6, 0x3B, 0xEB, 0xFE, 0x5F, 0x33, 0xF6, 0x46,
    0x8A, 0xAF, 0x6F, 0x29, 0x68, 0x4B, 0x31, 0x0C, 0xDB, 0x4E, 0x40, 0xE8, 0x4F, 0xE3, 0x5F, 0x0C,
    0x7F, 0xC1, 0x62, 0x3F, 0xE0, 0xAE, 0xFA, 0xAF, 0xFC, 0x13, 0x2E, 0x6F, 0x03, 0xE8, 0x1E, 0x09,
    0xF8, 0x61, 0xA4, 0xF8, 0xC3, 0x5B, 0xF1, 0x70, 0xBE, 0x9A, 0xE2, 0xC7, 0x54, 0xD5, 0xE5, 0xB5,
    0x4B, 0x5B, 0x48, 0x0C, 0x2A, 0x24, 0x0D, 0x14, 0x72, 0x16, 0x67, 0x92, 0x60, 0x00, 0xDB, 0x8C,
    0x23, 0x9C, 0x82, 0x00, 0x6F, 0x37, 0x2C, 0xCB, 0x71, 0xD9, 0xC6, 0x3A, 0x18, 0x4C, 0x24, 0x39,
    0xAA, 0x4A, 0xF6, 0x5E, 0x89, 0xB7, 0xE9, 0xB1, 0xD5, 0x8A, 0xC5, 0x50, 0xC1, 0x51, 0x75, 0x6B,
    0x3B, 0x45, 0x75, 0x3E, 0xEF, 0xA2, 0xBE, 0x7B, 0xFD, 0x86, 0x7F, 0x6B, 0x4F, 0x17, 0xFE, 0xD2,
    0x1F, 0xB1, 0x2E, 0x81, 0xFB, 0x58, 0x7C, 0x66, 0xF0, 0x36, 0x9D, 0xE0, 0xC7, 0xD6, 0xF4, 0x8B,
    0xBD, 0x5E, 0x6D, 0x33, 0x4F, 0xD4, 0x9E, 0xE6, 0x3B, 0x5B, 0x05, 0x96, 0x6F, 0x2A, 0x56, 0x92,
    0x58, 0xE3, 0x3B, 0x9A, 0x28, 0xC4, 0xAD, 0x95, 0x00, 0x79, 0x9E, 0xC7, 0x1F, 0x98, 0x1A, 0x8F,
    0xFC, 0x1D, 0x97, 0xF1, 0x9E, 0x3B, 0xFB, 0x8F, 0xEC, 0xAF, 0xD8, 0xE3, 0xC1, 0xEF, 0x63, 0xF6,
    0x87, 0x5B, 0x59, 0xA6, 0xF1, 0xA5, 0xDA, 0xBB, 0xC5, 0xB8, 0xEC, 0x66, 0x51, 0x68, 0x76, 0x92,
    0xA0, 0x1C, 0x57, 0xAD, 0x95, 0xF0, 0x96, 0x7F, 0x9C, 0xE2, 0x6B, 0x50, 0xC1, 0xD2, 0xE6, 0x95,
    0x27, 0x69, 0x6A, 0x92, 0x4E, 0xED, 0x5A, 0xEF, 0x47, 0xB3, 0xD8, 0xE4, 0xC5, 0x66, 0xF9, 0x7E,
    0x0E, 0x9C, 0x27, 0x56, 0x76, 0x53, 0x57, 0x5A, 0x3D, 0x51, 0xFB, 0x87, 0x45, 0x7E, 0x1D, 0xE9,
    0xFF, 0x00, 0xF0, 0x76, 0x57, 0xC6, 0x89, 0xA5, 0x5F, 0xB5, 0xFE, 0xC5, 0x7E, 0x12, 0x9E, 0x2D,
    0xC3, 0x72, 0xC3, 0xE3, 0xAB, 0xB8, 0xDB, 0x1E, 0xC5, 0xAC, 0x4A, 0xFE, 0x75, 0xF5, 0xBF, 0xFC,
    0x13, 0xFB, 0xFE, 0x0E, 0x13, 0xFD, 0x99, 0xBF, 0x6C, 0x8F, 0x88, 0x1A, 0x67, 0xC1, 0x9F, 0x1C,
    0x78, 0x3B, 0x51, 0xF8, 0x79, 0xE2, 0xFD, 0x62, 0x6F, 0xB3, 0xE9, 0x10, 0x6A, 0x57, 0xC9, 0x79,
    0xA7, 0xEA, 0x17, 0x19, 0xE2, 0x08, 0xEE, 0x92, 0x38, 0xFC, 0xB9, 0x18, 0x7D, 0xD1, 0x24, 0x68,
    0x1B, 0x69, 0x0A, 0x49, 0xAE, 0xCC, 0xC7, 0x80, 0xB8, 0xB3, 0x2B, 0xC3, 0x4B, 0x11, 0x5F, 0x0C,
    0xF9, 0x23, 0xBB, 0x4D, 0x3B, 0x79, 0xB4, 0x9B, 0x76, 0xF3, 0xB1, 0x86, 0x1F, 0x88, 0x32, 0x9C,
    0x4D, 0x55, 0x4E, 0x15, 0x35, 0x7D, 0xEE, 0x8F, 0xD0, 0xDA, 0x2A, 0x95, 0xDE, 0xA7, 0x0A, 0x58,
    0x9B, 0xC7, 0x70, 0xB1, 0x84, 0xDE, 0xC6, 0x40, 0x40, 0x0B, 0x83, 0x92, 0x73, 0x8C, 0x63, 0xB8,
    0xEB, 0xC7, 0x4A, 0xFC, 0x5C, 0xF1, 0xFF, 0x00, 0xFC, 0x1D, 0x6D, 0xF1, 0x1F, 0xC3, 0xDE, 0x38,
    0xD6, 0xF4, 0x5F, 0x05, 0xFE, 0xC9, 0x1E, 0x16, 0xD4, 0xF4, 0x5B, 0x1D, 0x5A, 0xEE, 0x1D, 0x2F,
    0x53, 0xBA, 0xF1, 0xD5, 0xDC, 0x32, 0x5D, 0x5B, 0x47, 0x34, 0x8B, 0x14, 0xAE, 0x89, 0x66, 0xC1,
    0x5D, 0x91, 0x55, 0x88, 0x04, 0xF2, 0x4E, 0x32, 0x30, 0x6B, 0xCB, 0xC8, 0xB8, 0x73, 0x39, 0xE2,
    0x49, 0xCE, 0x39, 0x7D, 0x2E, 0x7E, 0x44, 0x9C, 0xB5, 0x4A, 0xD7, 0xDB, 0x76, 0x8E, 0xBC, 0x76,
    0x67, 0x82, 0xCB, 0x54, 0x5E, 0x22, 0x56, 0xBE, 0xC7, 0xED, 0x85, 0x15, 0xF8, 0x68, 0xFF, 0x00,
    0xF0, 0x76, 0xB7, 0xC7, 0x12, 0xA4, 0x27, 0xEC, 0x6B, 0xE0, 0xA0, 0x70, 0x48, 0xDD, 0xE3, 0xCB,
    0xC3, 0xD0, 0x7F, 0xD7, 0x97, 0x35, 0xF7, 0x07, 0xFC, 0x11, 0xE3, 0xFE, 0x0A, 0xA1, 0xF1, 0x87,
    0xFE, 0x0A, 0x75, 0x69, 0xE3, 0xAF, 0x12, 0x78, 0xB7, 0xE0, 0x46, 0x87, 0xE1, 0x3D, 0x13, 0xC2,
    0x57, 0x56, 0x36, 0x36, 0x97, 0xBA, 0x4E, 0xBD, 0x3D, 0xE9, 0xBC, 0xBC, 0x99, 0x64, 0x92, 0x58,
    0x88, 0x78, 0x63, 0x03, 0xCB, 0x8C, 0x46, 0xC4, 0x02, 0x4F, 0xEF, 0x94, 0x1C, 0x1E, 0x0F, 0xA5,
    0x9B, 0x70, 0x37, 0x13, 0x64, 0x78, 0x19, 0x63, 0x31, 0xB4, 0x79, 0x69, 0xC6, 0xD7, 0x7C, 0xD1,
    0x7B, 0xBB, 0x2D, 0x13, 0x67, 0x3E, 0x17, 0x3D, 0xCB, 0x71, 0xB5, 0xD5, 0x1A, 0x32, 0xBC, 0x9F,
    0x93, 0xE8, 0x7D, 0xD6, 0x4E, 0x06, 0x69, 0xBE, 0x6A, 0x7F, 0x7C, 0x1F, 0xA5, 0x7E, 0x68, 0xFF,
    0x00, 0xC1, 0x47, 0xFF, 0x00, 0xE0, 0xE2, 0x8F, 0x83, 0xDF, 0xB2, 0x57, 0x8A, 0x35, 0x2F, 0x83,
    0x9F, 0xB3, 0xCF, 0x85, 0x2D, 0xBE, 0x20, 0xF8, 0xCB, 0x4C, 0x76, 0x8B, 0x56, 0xBE, 0x9E, 0xF8,
    0xC5, 0xA3, 0xE9, 0x33, 0x85, 0x52, 0xD1, 0x3C, 0x91, 0x8D, 0xF7, 0x52, 0x2E, 0x46, 0x52, 0x22,
    0x14, 0x13, 0x83, 0x28, 0x27, 0x03, 0xE2, 0x6B, 0x6F, 0xF8, 0x3A, 0x43, 0xFE, 0x0A, 0x13, 0x16,
    0xAA, 0xB7, 0xD7, 0x7F, 0x0C, 0x3E, 0x16, 0x35, 0xAC, 0xED, 0xFB, 0x8B, 0x33, 0xE1, 0xFB, 0xF4,
    0xDC, 0x3D, 0x99, 0x75, 0x00, 0x47, 0x1F, 0x53, 0xF9, 0x57, 0x4E, 0x5B, 0xE1, 0xDF, 0x16, 0xE6,
    0xB8, 0x55, 0x88, 0xA5, 0x41, 0x46, 0x32, 0xD5, 0x73, 0xC9, 0x45, 0xB5, 0xDD, 0x26, 0xEF, 0x6F,
    0xF8, 0x7D, 0x8C, 0x31, 0x5C, 0x49, 0x94, 0x61, 0x2A, 0xBA, 0x73, 0x9D, 0xDA, 0xDE, 0xCA, 0xF6,
    0xF9, 0x9F, 0xD0, 0x42, 0xB0, 0x71, 0x91, 0x4B, 0x5F, 0x21, 0xFF, 0x00, 0xC1, 0x21, 0x7F, 0xE0,
    0xA2, 0x1F, 0x10, 0xBF, 0xE0, 0xA4, 0x9F, 0x00, 0xB5, 0x8F, 0x8B, 0xFE, 0x38, 0xF8, 0x31, 0x69,
    0xE1, 0x26, 0xD2, 0x3C, 0x46, 0x74, 0x54, 0x9A, 0xC3, 0x59, 0x7B, 0xAB, 0x6D, 0x4E, 0x54, 0xB7,
    0x86, 0x59, 0x65, 0x88, 0x48, 0x8A, 0xF1, 0xAA, 0xF9, 0xE8, 0xBB, 0x4B, 0x48, 0x37, 0x06, 0x01,
    0x89, 0x56, 0x0B, 0xF5, 0xDC, 0x64, 0x94, 0x52, 0xC3, 0x9C, 0x0C, 0xD7, 0xC9, 0x63, 0x70, 0x58,
    0x9C, 0xBB, 0x17, 0x3C, 0x36, 0x21, 0x5A, 0x70, 0x76, 0x6A, 0xE9, 0xEB, 0xEA, 0xB4, 0x3D, 0x7C,
    0x3E, 0x22, 0x96, 0x2A, 0x8C, 0x6A, 0xD3, 0x77, 0x8B, 0xD8, 0x5A, 0x28, 0xA2, 0xB9, 0x4D, 0xC2,
    0x8A, 0x28, 0xA0, 0x02, 0x8A, 0x28, 0xA0, 0x02, 0x8A, 0x28, 0xA0, 0x02, 0x99, 0x2C, 0xA8, 0xB1,
    0x33, 0x93, 0x90, 0x06, 0x4F, 0xD2, 0x9F, 0x55, 0xAE, 0x91, 0x7C, 0x86, 0x53, 0x81, 0x9E, 0x39,
    0x3D, 0x7D, 0xBF, 0x1A, 0x4F, 0x44, 0x07, 0xE1, 0xCF, 0xFC, 0x1D, 0x4F, 0xFB, 0x47, 0x5B, 0xF8,
    0x8B, 0xE3, 0x97, 0xC3, 0xCF, 0xD9, 0x7E, 0xC2, 0xFF, 0x00, 0x6D, 0xBF, 0x85, 0xF4, 0x19, 0x7C,
    0x43, 0xAD, 0x44, 0xAF, 0x95, 0x59, 0xAF, 0x25, 0x6B, 0x78, 0x81, 0x1C, 0x7C, 0xCB, 0x1D, 0xB4,
    0xC7, 0xFE, 0xDB, 0x27, 0x03, 0x76, 0x6B, 0xEC, 0x4F, 0xF8, 0x22, 0xD7, 0xFC, 0x13, 0xCB, 0xE0,
    0x17, 0x86, 0xFF, 0x00, 0xE0, 0x9D, 0xBF, 0x0F, 0xFC, 0x41, 0xF1, 0xAF, 0xF6, 0x7C, 0xF0, 0x9E,
    0xBD, 0xE2, 0x4F, 0x15, 0x59, 0x49, 0xE2, 0x1B, 0xFB, 0xCF, 0x12, 0x78, 0x5E, 0xD2, 0xEA, 0xE2,
    0x38, 0xEF, 0x64, 0x69, 0x60, 0x8B, 0x74, 0xD1, 0x33, 0x6D, 0x58, 0x04, 0x38, 0x19, 0x18, 0xDD,
    0x8E, 0xD9, 0x3F, 0x8C, 0x9F, 0xB7, 0x87, 0xC4, 0xAF, 0x17, 0x7E, 0xDF, 0x9F, 0xF0, 0x51, 0xAF,
    0x1E, 0x78, 0x8B, 0xE1, 0x96, 0x87, 0x75, 0xE2, 0x3B, 0xCF, 0x16, 0xF8, 0xBE, 0x4D, 0x2B, 0xC2,
    0x5A, 0x7E, 0x9D, 0x1F, 0x99, 0x2D, 0xED, 0xAD, 0xB8, 0x16, 0xB6, 0xEB, 0x17, 0x41, 0xF3, 0xC5,
    0x0A, 0xCB, 0xD7, 0x07, 0xCC, 0x27, 0xBE, 0x6B, 0xE8, 0x2D, 0x16, 0xCF, 0xFE, 0x0E, 0x50, 0xF0,
    0xDE, 0x8B, 0x69, 0xE1, 0xCD, 0x03, 0x43, 0xF8, 0xE1, 0x6B, 0xA7, 0xD8, 0x5B, 0xC7, 0x6B, 0x61,
    0x65, 0x6B, 0xA6, 0xDB, 0xC7, 0x1C, 0x10, 0x22, 0x84, 0x48, 0xD4, 0x2F, 0x0A, 0xA1, 0x40, 0x03,
    0x07, 0x80, 0x2B, 0xFA, 0x1B, 0x31, 0xE1, 0xBA, 0xEB, 0x83, 0x30, 0x19, 0x55, 0x2C, 0x65, 0x3C,
    0x3C, 0xD2, 0xE7, 0x9F, 0x3C, 0xF9, 0x5B, 0x6D, 0x37, 0xA5, 0xB5, 0xD1, 0xB6, 0x9D, 0xF4, 0xD1,
    0x1F, 0x9A, 0xE1, 0xB3, 0x58, 0xBC, 0xE2, 0xBE, 0x2E, 0x54, 0x65, 0x51, 0x7C, 0x2A, 0xCA, 0xE9,
    0x5B, 0x43, 0xF7, 0x1B, 0xFE, 0x18, 0x63, 0xF6, 0x2E, 0x9D, 0x42, 0xA7, 0xEC, 0x9D, 0xF0, 0xD0,
    0x02, 0x33, 0x95, 0xF0, 0x36, 0x9F, 0xCE, 0x0F, 0xB4, 0x40, 0x8E, 0x71, 0xD3, 0xD2, 0xB6, 0x7F,
    0x68, 0x3F, 0x8F, 0x9F, 0x0B, 0x7F, 0x64, 0xEF, 0x82, 0x7A, 0xFF, 0x00, 0xC6, 0x4F, 0x8A, 0x9A,
    0xCC, 0x7A, 0x6F, 0x87, 0xBC, 0x33, 0xA7, 0x35, 0xD5, 0xDC, 0xDF, 0x28, 0x24, 0x72, 0x23, 0x82,
    0x35, 0xE3, 0x73, 0xBB, 0xEC, 0x8D, 0x10, 0x75, 0x66, 0x00, 0x74, 0x38, 0xF0, 0xBF, 0xF8, 0x23,
    0xDE, 0x81, 0xFB, 0x65, 0x68, 0x1F, 0xB1, 0xD4, 0x1E, 0x22, 0xFD, 0xBA, 0x3C, 0x4D, 0xE2, 0x7B,
    0xEF, 0x1E, 0x6B, 0x9A, 0xFD, 0xED, 0xCC, 0xB6, 0x3E, 0x2C, 0x75, 0x17, 0x7A, 0x7D, 0xA2, 0xCB,
    0xE4, 0x5B, 0xC5, 0xB5, 0x7E, 0x54, 0xDE, 0x23, 0xF3, 0x80, 0xC9, 0x38, 0xB8, 0x00, 0x9F, 0x97,
    0x15, 0xF9, 0x51, 0xFF, 0x00, 0x05, 0xFA, 0xFF, 0x00, 0x82, 0x97, 0x4F, 0xFB, 0x61, 0xFC, 0x77,
    0x87, 0xF6, 0x4C, 0xF8, 0x2D, 0xE2, 0x35, 0x97, 0xC0, 0x3E, 0x0C, 0xD6, 0x16, 0x2D, 0x42, 0xE2,
    0x2B, 0x94, 0x8E, 0x3D, 0x6B, 0x59, 0x0F, 0xB3, 0xCD, 0x32, 0x31, 0xDA, 0x2D, 0xA0, 0xDD, 0xB2,
    0x36, 0x3F, 0x29, 0x73, 0x23, 0x1E, 0x30, 0xD5, 0xF9, 0x86, 0x47, 0xC3, 0x18, 0xEE, 0x21, 0xE2,
    0x47, 0x96, 0xCA, 0xB7, 0xB4, 0xA7, 0x49, 0xBE, 0x7A, 0x89, 0xB7, 0x15, 0x14, 0xF5, 0x71, 0x6F,
    0xF9, 0xAD, 0x65, 0xDC, 0xFA, 0xDC, 0x6E, 0x69, 0x43, 0x2F, 0xCB, 0x56, 0x21, 0x43, 0x96, 0x52,
    0x5A, 0x45, 0xE8, 0xDB, 0xF3, 0xB7, 0x63, 0xE6, 0x0F, 0xDA, 0x6F, 0xE3, 0x07, 0xED, 0x11, 0xFF,
    0x00, 0x05, 0x36, 0xF8, 0xC3, 0xF1, 0x2F, 0xF6, 0xB9, 0xD6, 0x74, 0x8B, 0x87, 0xD3, 0xFC, 0x2F,
    0xA4, 0xAE, 0xA5, 0xA8, 0xC4, 0x25, 0xDD, 0x6D, 0xE1, 0xBD, 0x11, 0x6E, 0x56, 0xDE, 0xD6, 0xD5,
    0x5B, 0x80, 0xCD, 0x99, 0x54, 0xE4, 0x63, 0xCC, 0x61, 0x2C, 0x98, 0x03, 0x21, 0x7E, 0xBB, 0xFF,
    0x00, 0x83, 0x56, 0xFC, 0x52, 0xDA, 0x57, 0xED, 0xA3, 0xF1, 0x13, 0xC1, 0xC6, 0x50, 0xA3, 0x57,
    0xF8, 0x72, 0xB7, 0x22, 0x3C, 0xF2, 0x5E, 0xDB, 0x50, 0xB5, 0x03, 0x1E, 0xA0, 0x2D, 0xD3, 0x7E,
    0x75, 0xEE, 0x3E, 0x1E, 0xF8, 0x77, 0xFB, 0x02, 0xFE, 0xCB, 0xBF, 0xF0, 0x45, 0xBF, 0x8A, 0x3F,
    0xB3, 0x5F, 0x86, 0x7F, 0x6A, 0x8F, 0x85, 0xFA, 0xEF, 0xC4, 0x5F, 0x15, 0xFC, 0x3F, 0xBD, 0xBB,
    0xF1, 0x4D, 0xC6, 0x93, 0xE3, 0x4B, 0x59, 0xE5, 0xD4, 0xF5, 0x81, 0x6C, 0xEF, 0x15, 0xAC, 0x18,
    0x90, 0xB3, 0xC5, 0x0B, 0xA0, 0x8A, 0x25, 0xC1, 0xCE, 0x0B, 0xE0, 0x19, 0x4E, 0x3E, 0x45, 0xFF,
    0x00, 0x83, 0x6E, 0x7C, 0x53, 0x07, 0x87, 0x7F, 0xE0, 0xA8, 0x1A, 0x4E, 0x9D, 0x14, 0xA0, 0x7F,
    0x6E, 0x78, 0x1B, 0x5D, 0xD3, 0x81, 0xDC, 0x3E, 0xF0, 0x8A, 0xDE, 0xE4, 0x7D, 0x79, 0xB4, 0xFE,
    0x55, 0xFA, 0xEE, 0x37, 0x31, 0xA3, 0x9D, 0xF0, 0x4E, 0x69, 0x86, 0xC3, 0x51, 0x74, 0xE8, 0x61,
    0xD7, 0x2D, 0x35, 0x66, 0xAF, 0x18, 0x28, 0xBB, 0xEA, 0x96, 0xED, 0x36, 0x9F, 0x6D, 0xEE, 0xD9,
    0xF1, 0x74, 0x70, 0xD3, 0xC1, 0x67, 0xB8, 0x5A, 0xB5, 0x27, 0xCD, 0x39, 0xBB, 0xCB, 0x5B, 0xD9,
    0xB7, 0xB7, 0xDC, 0xCF, 0xDF, 0xBF, 0xDA, 0x4B, 0xE3, 0xFF, 0x00, 0x81, 0x3F, 0x66, 0x0F, 0x80,
    0xDE, 0x27, 0xF8, 0xEF, 0xF1, 0x2A, 0xE9, 0xE0, 0xD1, 0x3C, 0x2F, 0xA3, 0xCB, 0x7B, 0x7A, 0x63,
    0x60, 0x24, 0x93, 0x68, 0xC2, 0x43, 0x1E, 0x71, 0x99, 0x24, 0x7D, 0xB1, 0xA0, 0xEE, 0xEE, 0xB5,
    0xFC, 0xE2, 0x58, 0xB7, 0xED, 0x5F, 0xFF, 0x00, 0x05, 0xCD, 0xFF, 0x00, 0x82, 0x80, 0xDB, 0xE9,
    0x5A, 0xBE, 0xA8, 0x52, 0xFF, 0x00, 0x5E, 0x96, 0x57, 0x60, 0xC4, 0xCB, 0x63, 0xE1, 0x2D, 0x12,
    0x37, 0x0E, 0xCB, 0x1A, 0x01, 0xF7, 0x11, 0x4A, 0xA8, 0xC8, 0xCC, 0xD3, 0x15, 0x07, 0x19, 0x1B,
    0x7F, 0x45, 0x3F, 0xE0, 0xEA, 0x4F, 0x8F, 0xF7, 0x9E, 0x17, 0xF8, 0x0B, 0xE0, 0x1F, 0xD9, 0x9F,
    0x47, 0xBD, 0xF2, 0xFF, 0x00, 0xE1, 0x32, 0xF1, 0x14, 0xFA, 0xB6, 0xB3, 0x1A, 0x2E, 0x77, 0x59,
    0xD8, 0xA2, 0xAC, 0x4A, 0x48, 0xE9, 0x9B, 0x89, 0xD1, 0xB1, 0x83, 0x9F, 0x28, 0xFF, 0x00, 0x74,
    0xD5, 0xCF, 0xF8, 0x35, 0x9B, 0xF6, 0x69, 0xD2, 0xBC, 0x2B, 0xFB, 0x36, 0x78, 0xC7, 0xF6, 0xA4,
    0xD5, 0x34, 0xF5, 0x6D, 0x57, 0xC6, 0xBE, 0x23, 0x7D, 0x2A, 0xC2, 0xE1, 0xBA, 0xA6, 0x9F, 0x60,
    0x70, 0x55, 0x71, 0xD8, 0xDD, 0x4D, 0x38, 0x6F, 0x53, 0x04, 0x67, 0xB0, 0xC7, 0xC4, 0xF0, 0xC2,
    0xA7, 0xC2, 0x5C, 0x15, 0x5B, 0x88, 0x9C, 0x53, 0xC4, 0x54, 0x97, 0x25, 0x26, 0xD7, 0xC3, 0xAD,
    0xAE, 0xBE, 0x7C, 0xCF, 0xCF, 0x96, 0xDB, 0x1E, 0xE6, 0x6A, 0xE7, 0x9B, 0xE7, 0x90, 0xCB, 0xEF,
    0xFB, 0xB8, 0xAE, 0x69, 0x5B, 0xAB, 0xEC, 0x7D, 0x93, 0xFB, 0x17, 0x7F, 0xC1, 0x2E, 0xBF, 0x63,
    0xAF, 0xD8, 0xB3, 0xC1, 0x56, 0xBA, 0x17, 0xC2, 0x8F, 0x84, 0xFA, 0x65, 0xCE, 0xAE, 0x96, 0xE8,
    0x35, 0x3F, 0x15, 0xEB, 0x3A, 0x7C, 0x77, 0x1A, 0x9E, 0xA3, 0x20, 0x5F, 0xF5, 0x92, 0x4D, 0x20,
    0x26, 0x3C, 0xE7, 0x21, 0x23, 0xDA, 0xAA, 0x0E, 0x31, 0x91, 0x9A, 0xF4, 0xAF, 0x8C, 0x1F, 0xB2,
    0x27, 0xEC, 0xD7, 0xF1, 0xF3, 0x44, 0x97, 0xC3, 0xFF, 0x00, 0x19, 0x3E, 0x03, 0xF8, 0x3F, 0xC4,
    0xB6, 0xB3, 0x01, 0xBD, 0x35, 0x8F, 0x0E, 0xDB, 0xCE, 0xDC, 0x30, 0x61, 0xB5, 0xD9, 0x77, 0x2F,
    0x20, 0x74, 0x23, 0xFA, 0x57, 0xA1, 0x65, 0x2D, 0xE2, 0x11, 0x46, 0x81, 0x46, 0x38, 0x03, 0x8A,
    0xF8, 0x93, 0x44, 0xFF, 0x00, 0x82, 0xF8, 0x7E, 0xC1, 0x7E, 0x26, 0xF8, 0xFD, 0x0F, 0xEC, 0xDB,
    0xE1, 0xAD, 0x47, 0xC6, 0x9A, 0x97, 0x89, 0x6E, 0x7C, 0x5A, 0x3C, 0x3B, 0x6A, 0xB6, 0x5E, 0x10,
    0x92, 0x5B, 0x69, 0xEF, 0x3E, 0xD4, 0xD6, 0xD9, 0x49, 0x56, 0x40, 0x1A, 0x2D, 0xEA, 0x4E, 0xFF,
    0x00, 0xEE, 0x8C, 0xF4, 0xAF, 0xCE, 0xA8, 0xAE, 0x20, 0xCD, 0xEB, 0x54, 0xC4, 0xD2, 0x75, 0x2A,
    0xCE, 0x2B, 0x9A, 0x52, 0x4E, 0x4D, 0xA5, 0xDD, 0xB5, 0xB2, 0xD3, 0xF0, 0xF2, 0x3E, 0x9E, 0x6B,
    0x2E, 0xC2, 0x42, 0x34, 0xA6, 0xA3, 0x14, 0xF4, 0x4B, 0x4D, 0x7C, 0x8F, 0x53, 0xF0, 0x97, 0xC0,
    0x8F, 0xD9, 0x67, 0xFE, 0x09, 0x4B, 0xFB, 0x32, 0x7C, 0x43, 0xF1, 0x67, 0xC1, 0x9F, 0x07, 0x0F,
    0x0E, 0xF8, 0x63, 0x4C, 0x87, 0x50, 0xF1, 0x5E, 0xAB, 0x6A, 0x6F, 0x25, 0xB8, 0xCC, 0xB1, 0xDA,
    0x20, 0xD8, 0xA6, 0x57, 0x67, 0xDB, 0xB6, 0xDE, 0x35, 0x54, 0xDD, 0x81, 0xCE, 0xD0, 0x32, 0x45,
    0x7E, 0x13, 0xFF, 0x00, 0xC1, 0x1D, 0xFE, 0x13, 0x6A, 0xDF, 0xB6, 0x8F, 0xFC, 0x15, 0x6B, 0xC1,
    0xFE, 0x23, 0xF1, 0xCC, 0x3F, 0x6F, 0xF2, 0x3C, 0x43, 0x77, 0xE3, 0xBF, 0x12, 0x97, 0xF9, 0xC6,
    0xEB, 0x79, 0x4D, 0xC8, 0xDC, 0x4F, 0x5C, 0xDE, 0xBD, 0xBF, 0x5E, 0xCB, 0x9F, 0x6A, 0xFD, 0x52,
    0xFF, 0x00, 0x83, 0x94, 0xFF, 0x00, 0x68, 0x05, 0xF8, 0x4F, 0xFF, 0x00, 0x04, 0xF5, 0x9B, 0xE1,
    0x65, 0x8D, 0xD7, 0x97, 0xA9, 0xFC, 0x4A, 0xF1, 0x15, 0xBE, 0x91, 0x1A, 0x06, 0xCB, 0xB5, 0xA4,
    0x0C, 0x6E, 0xEE, 0x4F, 0x18, 0xE3, 0x6C, 0x0B, 0x19, 0xF6, 0x9B, 0x1D, 0xC5, 0x78, 0x17, 0xFC,
    0x1A, 0x9D, 0xFB, 0x39, 0x9D, 0x3F, 0xC3, 0xFF, 0x00, 0x12, 0xFF, 0x00, 0x6A, 0xDD, 0x4E, 0xC4,
    0x67, 0x51, 0xBB, 0xB4, 0xF0, 0xC6, 0x8B, 0x2F, 0x3C, 0xC3, 0x00, 0x17, 0x17, 0x4C, 0xB9, 0xF5,
    0x79, 0x6D, 0xD4, 0x9F, 0xFA, 0x64, 0xDE, 0xB5, 0xFA, 0x47, 0x0E, 0xD7, 0xAB, 0x95, 0x70, 0x26,
    0x65, 0x9D, 0x57, 0x93, 0x95, 0x5C, 0x43, 0xF6, 0x71, 0x93, 0x6D, 0xB7, 0x7F, 0x75, 0xBB, 0xBD,
    0x6F, 0x77, 0x2F, 0xFC, 0x07, 0xC8, 0xF9, 0x7C, 0xCE, 0x9C, 0x31, 0x5C, 0x41, 0x86, 0xC1, 0x53,
    0x56, 0x8D, 0x3F, 0x79, 0xA5, 0xB7, 0xF5, 0xA1, 0xFB, 0x10, 0x61, 0x36, 0xC8, 0xBB, 0x64, 0x27,
    0x80, 0x07, 0x1F, 0xAF, 0xB9, 0xCE, 0x4F, 0xE3, 0x5F, 0xCE, 0xBF, 0xFC, 0x17, 0xBF, 0xE2, 0x9E,
    0xB7, 0xFB, 0x57, 0x7F, 0xC1, 0x56, 0x67, 0xF8, 0x2B, 0xE0, 0xBB, 0xCF, 0xB4, 0x2F, 0x87, 0x13,
    0x4B, 0xF0, 0x66, 0x94, 0xB1, 0x72, 0x16, 0xFE, 0x79, 0x59, 0xDC, 0x28, 0x1D, 0x4F, 0x9B, 0x78,
    0x10, 0x9C, 0xF5, 0x88, 0x1E, 0xD8, 0x1F, 0xD0, 0x57, 0xC6, 0x1F, 0x89, 0x3A, 0x17, 0xC2, 0x1F,
    0x85, 0xBA, 0xFF, 0x00, 0xC5, 0x4F, 0x12, 0xDD, 0xA4, 0x5A, 0x77, 0x86, 0xF4, 0x8B, 0x8D, 0x4A,
    0xFE, 0x57, 0x6C, 0x05, 0x86, 0x08, 0x9A, 0x57, 0xE7, 0xFD, 0xD4, 0x3F, 0x9D, 0x7F, 0x3C, 0x7F,
    0xF0, 0x44, 0xEF, 0x86, 0xFE, 0x23, 0xFD, 0xB4, 0xFF, 0x00, 0xE0, 0xAD, 0xBA, 0x57, 0xC6, 0x7F,
    0x1C, 0x2C, 0x97, 0x4B, 0xA3, 0xEA, 0xDA, 0x9F, 0x8F, 0x35, 0xE9, 0x25, 0x40, 0x33, 0x73, 0xE6,
    0xB3, 0x42, 0x18, 0x74, 0x18, 0xB9, 0xB9, 0x85, 0xB1, 0xE8, 0xA7, 0x1C, 0x02, 0x07, 0x9D, 0xE1,
    0xAD, 0x38, 0xE5, 0xFF, 0x00, 0x5E, 0xCE, 0xE6, 0xBD, 0xDC, 0x3D, 0x27, 0xCB, 0x7F, 0xE6, 0x92,
    0x76, 0xFC, 0xBF, 0x13, 0xA7, 0x8A, 0x27, 0xED, 0xDE, 0x1F, 0x05, 0x1D, 0xEA, 0x49, 0x5F, 0xD1,
    0x1F, 0xA8, 0x3F, 0xF0, 0x56, 0x9F, 0x15, 0xE9, 0x3F, 0xB0, 0x17, 0xFC, 0x11, 0xB7, 0x51, 0xF8,
    0x33, 0xE0, 0x49, 0xA3, 0xB3, 0x92, 0x7F, 0x0C, 0x69, 0xDE, 0x00, 0xF0, 0xEC, 0x71, 0x00, 0xBB,
    0xBC, 0xD8, 0x44, 0x12, 0x95, 0xC7, 0x5F, 0xF4, 0x58, 0xEE, 0x18, 0xFB, 0xE7, 0x9C, 0xB6, 0x47,
    0xF3, 0xB3, 0x75, 0x61, 0x79, 0x69, 0xA7, 0x47, 0xA9, 0xCD, 0x69, 0x3D, 0xBD, 0xB5, 0xE8, 0x75,
    0xB3, 0x9F, 0x6B, 0x46, 0x97, 0x21, 0x08, 0x0D, 0xB1, 0x87, 0x52, 0x8C, 0xC0, 0x92, 0x3E, 0xEB,
    0x11, 0x5F, 0xAC, 0xBF, 0xF0, 0x75, 0x67, 0xED, 0x0C, 0xBA, 0xB7, 0xC4, 0x6F, 0x87, 0x3F, 0xB2,
    0xCD, 0x86, 0xA2, 0xA6, 0x0D, 0x03, 0x4C, 0xBA, 0xF1, 0x2E, 0xB6, 0xA3, 0x2D, 0x89, 0xA7, 0x73,
    0x6D, 0x6A, 0x08, 0xF5, 0x48, 0xA2, 0xB8, 0x6F, 0xFB, 0x68, 0x2B, 0x1B, 0xF6, 0xFE, 0xFF, 0x00,
    0x82, 0x69, 0xBF, 0xC2, 0x6F, 0xF8, 0x21, 0xDF, 0xC1, 0x2F, 0x89, 0x76, 0xFE, 0x1D, 0x78, 0x7C,
    0x4D, 0xE0, 0x49, 0xD7, 0x53, 0xF1, 0x99, 0x0A, 0x4C, 0x91, 0x5B, 0x6B, 0xD2, 0x79, 0x97, 0x2A,
    0x41, 0xFF, 0x00, 0x9E, 0x37, 0x0F, 0x66, 0x9E, 0xCA, 0xAD, 0x5F, 0x73, 0xC0, 0x58, 0xCC, 0x2F,
    0x0E, 0x64, 0x78, 0x49, 0xE2, 0xFE, 0x3C, 0x7D, 0x69, 0x3B, 0xBE, 0x8A, 0xCE, 0xCD, 0xF9, 0x37,
    0x6F, 0xFC, 0x08, 0xF0, 0x33, 0xEA, 0x35, 0x73, 0x0C, 0xC2, 0xB2, 0xA3, 0xF0, 0xE1, 0xE0, 0xBF,
    0x4B, 0xFF, 0x00, 0x5E, 0x47, 0xEA, 0x87, 0xFC, 0x12, 0xCB, 0xF6, 0xA7, 0x4F, 0xDA, 0xF7, 0xF6,
    0x11, 0xF8, 0x7B, 0xF1, 0xA2, 0xF6, 0xEC, 0x4D, 0xAA, 0xCF, 0xA1, 0xAD, 0x87, 0x88, 0x9C, 0x36,
    0x1B, 0xFB, 0x46, 0xD1, 0x8D, 0xB4, 0xE4, 0x8C, 0x92, 0xA5, 0xDE, 0x26, 0x93, 0x19, 0x38, 0x12,
    0x0E, 0x4E, 0x73, 0x5F, 0x8A, 0x1F, 0xF0, 0x5B, 0x0F, 0x88, 0x5A, 0xF7, 0xED, 0xBF, 0xFF, 0x00,
    0x05, 0x79, 0xB9, 0xF8, 0x1D, 0xE0, 0x3B, 0x87, 0xBA, 0x6D, 0x1B, 0x55, 0xD2, 0xFC, 0x03, 0xE1,
    0xE4, 0xC9, 0x2A, 0x2F, 0x5A, 0x75, 0x59, 0xDC, 0x75, 0xC0, 0x17, 0x37, 0x44, 0x37, 0xFB, 0x30,
    0x93, 0x9E, 0xC3, 0xD9, 0x3F, 0xE0, 0xDC, 0x6F, 0xDB, 0xCB, 0x40, 0xF8, 0x03, 0xF0, 0xCF, 0xE3,
    0x87, 0xC2, 0xBF, 0x89, 0x9A, 0xCC, 0x69, 0xA5, 0x68, 0x7E, 0x1F, 0x9F, 0xE2, 0x06, 0x93, 0x09,
    0x70, 0xBB, 0x8D, 0xBC, 0x0B, 0x1D, 0xFC, 0x68, 0x0F, 0x3F, 0x32, 0x45, 0x6C, 0x42, 0xF6, 0x21,
    0xCF, 0xF1, 0x57, 0x94, 0x7F, 0xC1, 0x04, 0x3E, 0x16, 0xEB, 0xFF, 0x00, 0xB5, 0xA7, 0xFC, 0x15,
    0x57, 0xFE, 0x17, 0xB7, 0x8E, 0x63, 0x7B, 0xB6, 0xF0, 0xCC, 0x3A, 0x97, 0x8D, 0x75, 0xFB, 0x89,
    0x02, 0x95, 0xFB, 0x7D, 0xC4, 0xAD, 0x1C, 0x2B, 0x82, 0x3A, 0xB4, 0xD7, 0x12, 0x32, 0x8E, 0xDF,
    0x67, 0x6F, 0x4A, 0xF3, 0x72, 0xAC, 0x91, 0x70, 0x7E, 0x7F, 0x9B, 0xE6, 0x33, 0x8F, 0xB9, 0x87,
    0x83, 0xF6, 0x7E, 0xB5, 0x35, 0x8F, 0xE0, 0xAC, 0x76, 0x62, 0xF1, 0xEF, 0x37, 0xC0, 0x61, 0x30,
    0xA9, 0xDE, 0x53, 0x97, 0xBD, 0xFF, 0x00, 0x6E, 0x9F, 0xA7, 0x9F, 0xF0, 0x58, 0x5F, 0x88, 0xFE,
    0x1F, 0xFD, 0x87, 0x7F, 0xE0, 0x91, 0x3A, 0xDF, 0xC3, 0xCF, 0x03, 0x33, 0x5A, 0x7D, 0xAF, 0x44,
    0xB0, 0xF0, 0x27, 0x87, 0x52, 0x23, 0xB5, 0x84, 0x73, 0xA0, 0x82, 0x4D, 0xA0, 0x63, 0xE6, 0xFB,
    0x24, 0x57, 0x2D, 0xFE, 0xF0, 0xC6, 0x7B, 0xD7, 0xC0, 0xDF, 0xF0, 0x6C, 0xC7, 0xEC, 0x69, 0xE0,
    0x3F, 0x8F, 0x9F, 0x16, 0xBE, 0x21, 0xFC, 0x65, 0xF8, 0xC5, 0xF0, 0xEF, 0x47, 0xF1, 0x1E, 0x83,
    0xE1, 0x7D, 0x1A, 0xDB, 0x44, 0xB2, 0xB2, 0xD7, 0x74, 0x88, 0x6F, 0x2D, 0x5E, 0xFA, 0xEB, 0x6C,
    0xB2, 0x3E, 0xC9, 0x91, 0x95, 0x9A, 0x38, 0x60, 0x8C, 0x03, 0x8E, 0x05, 0xC2, 0x9E, 0x09, 0xAE,
    0xC3, 0xFE, 0x0E, 0xA6, 0xFD, 0xA2, 0x22, 0xD6, 0x7E, 0x25, 0xFC, 0x36, 0xFD, 0x96, 0x34, 0xCD,
    0x44, 0x47, 0x6F, 0xA3, 0x69, 0xF3, 0xF8, 0x9F, 0x5A, 0x89, 0x39, 0xC4, 0xD3, 0xB3, 0x5A, 0xDB,
    0x83, 0x8F, 0x44, 0x8A, 0xE5, 0x87, 0xFB, 0xD9, 0xEF, 0x5F, 0x6B, 0x7F, 0xC1, 0xBD, 0xBF, 0xB3,
    0xA2, 0xFC, 0x03, 0xFF, 0x00, 0x82, 0x6D, 0xF8, 0x43, 0x53, 0xD4, 0xF4, 0xE5, 0x83, 0x56, 0xF1,
    0xED, 0xD5, 0xCF, 0x8A, 0x35, 0x1C, 0x8C, 0x30, 0x49, 0xF6, 0x47, 0x6C, 0xBF, 0xF8, 0x0B, 0x15,
    0xB9, 0xFA, 0x93, 0x5E, 0x34, 0x6A, 0x55, 0xC8, 0x3C, 0x2E, 0x95, 0x6B, 0xB5, 0x5B, 0x1B, 0x53,
    0x7D, 0x9F, 0x2D, 0xFB, 0xEF, 0xB4, 0x5F, 0xFE, 0x04, 0x76, 0x35, 0x0C, 0xC7, 0x8A, 0x94, 0x2D,
    0xEE, 0x51, 0x8D, 0xBC, 0xAF, 0xFD, 0x3F, 0xC0, 0xF6, 0x3F, 0x89, 0x3F, 0xF0, 0x4B, 0x9F, 0xF8,
    0x27, 0xB7, 0xC5, 0x0D, 0x15, 0xF4, 0x2F, 0x17, 0x7E, 0xC6, 0xFF, 0x00, 0x0E, 0x1E, 0x19, 0x10,
    0xAB, 0x4B, 0xA7, 0xF8, 0x3E, 0xD2, 0xD2, 0x64, 0x07, 0x03, 0x29, 0x25, 0xBA, 0x23, 0xA3, 0x0E,
    0xA1, 0x94, 0x82, 0x08, 0xE0, 0x8E, 0x41, 0xFE, 0x72, 0x7F, 0xE0, 0xA2, 0xDF, 0xB3, 0x76, 0x9F,
    0xFB, 0x0F, 0xFE, 0xDC, 0x9E, 0x39, 0xFD, 0x9F, 0x7C, 0x03, 0xE2, 0x2B, 0xDF, 0xB1, 0xF8, 0x5F,
    0x57, 0x82, 0xE7, 0xC3, 0xFA, 0x90, 0x90, 0x9B, 0x9B, 0x68, 0xE5, 0xB5, 0xB7, 0xBB, 0x85, 0xF7,
    0x93, 0x93, 0x24, 0x5E, 0x7E, 0x03, 0x64, 0x1F, 0xDD, 0x0E, 0x85, 0x8D, 0x7F, 0x55, 0xBA, 0xCD,
    0xC2, 0x59, 0xDB, 0xFD, 0xA5, 0xA7, 0x48, 0x95, 0x03, 0x17, 0x91, 0x9F, 0x01, 0x46, 0x3A, 0x9F,
    0x61, 0xD7, 0xE8, 0x2B, 0xF9, 0x71, 0xFD, 0xB0, 0x3C, 0x4F, 0xAD, 0x7F, 0xC1, 0x49, 0xBF, 0xE0,
    0xA7, 0x9E, 0x28, 0xBB, 0xF8, 0x4B, 0x21, 0xBA, 0x3F, 0x11, 0xFC, 0x7E, 0xBA, 0x37, 0x85, 0x6E,
    0x42, 0x65, 0x4D, 0xBA, 0x94, 0xB3, 0x82, 0x73, 0xEA, 0xBF, 0x67, 0x86, 0x19, 0x8F, 0xFB, 0x26,
    0xBA, 0x7C, 0x23, 0xC7, 0xE6, 0x0F, 0x1F, 0x8B, 0x75, 0xEA, 0x4A, 0x58, 0x78, 0x53, 0x6E, 0x4A,
    0x4D, 0xB8, 0xEF, 0xE7, 0xB3, 0xB2, 0x97, 0xC8, 0x8E, 0x30, 0xA3, 0x42, 0x14, 0x29, 0x38, 0x45,
    0x2A, 0x8E, 0x56, 0x4D, 0x68, 0xFF, 0x00, 0xAB, 0x9F, 0xB6, 0xFF, 0x00, 0xB6, 0xAF, 0xED, 0x97,
    0xE2, 0x0F, 0x87, 0x5F, 0xF0, 0x44, 0xCB, 0xBF, 0xDA, 0x86, 0xFA, 0xFD, 0xED, 0x3C, 0x4B, 0xE2,
    0xCF, 0x84, 0xDA, 0x50, 0xB5, 0x91, 0x1C, 0xEF, 0x8F, 0x53, 0xD5, 0xAD, 0x2D, 0xE2, 0x0C, 0x98,
    0x03, 0x2C, 0xAF, 0x70, 0x65, 0xC7, 0x1C, 0x23, 0x74, 0xCE, 0x47, 0xE6, 0x37, 0xFC, 0x1B, 0x7B,
    0xFB, 0x23, 0xF8, 0x17, 0xF6, 0x8A, 0xFD, 0xAC, 0xFC, 0x53, 0xF1, 0x0B, 0xE2, 0xBF, 0x81, 0xF4,
    0xFD, 0x7B, 0xC3, 0x1E, 0x01, 0xF0, 0xAA, 0x09, 0x2C, 0x75, 0xAD, 0x3D, 0x2F, 0x2C, 0xA5, 0xBF,
    0xBC, 0x71, 0x1C, 0x20, 0xA4, 0xA0, 0xA9, 0x29, 0x0D, 0xBD, 0xCB, 0x72, 0xA7, 0xAE, 0x78, 0xE3,
    0x3E, 0xEF, 0xFF, 0x00, 0x07, 0x36, 0xFC, 0x55, 0xD1, 0x7E, 0x15, 0xFC, 0x1F, 0xF8, 0x31, 0xFB,
    0x08, 0x78, 0x22, 0x6F, 0x26, 0xD2, 0xD2, 0xD9, 0x75, 0x7B, 0x9B, 0x61, 0x26, 0x59, 0x6D, 0x6C,
    0xA2, 0x5B, 0x0B, 0x15, 0x6F, 0x63, 0x99, 0x8F, 0xD6, 0x1F, 0xAD, 0x7C, 0x71, 0xFB, 0x1E, 0xFE,
    0xC6, 0xFF, 0x00, 0xF0, 0x5A, 0x2F, 0xF8, 0x55, 0x16, 0x9F, 0x15, 0x3F, 0x62, 0xCF, 0x0B, 0x7C,
    0x47, 0xD2, 0x7C, 0x29, 0xE2, 0xE8, 0xD6, 0xF2, 0x0B, 0xEF, 0x0A, 0xF8, 0xB2, 0x0D, 0x3A, 0x2D,
    0x44, 0x23, 0x14, 0x59, 0x59, 0x1A, 0xEE, 0x26, 0x3F, 0x73, 0x00, 0x95, 0xE5, 0x7B, 0x90, 0xC4,
    0x57, 0xA7, 0xC3, 0x79, 0x5C, 0x29, 0x70, 0x06, 0x22, 0x6A, 0xBC, 0x30, 0xD2, 0xC5, 0xD4, 0x7C,
    0xB3, 0x9B, 0xE5, 0x5C, 0x8A, 0x4E, 0xC9, 0x7C, 0x94, 0xBE, 0xFF, 0x00, 0xBB, 0x87, 0x33, 0xC5,
    0xD4, 0x96, 0x7F, 0x4A, 0x2E, 0x9C, 0xAA, 0x2A, 0x51, 0x57, 0x49, 0x5D, 0xDD, 0xA5, 0xFA, 0x9F,
    0xD0, 0x5A, 0x7E, 0xC4, 0x1F, 0xB1, 0x41, 0x51, 0x10, 0xFD, 0x93, 0xFE, 0x19, 0x16, 0xE8, 0x71,
    0xE0, 0x5D, 0x3B, 0x9E, 0x39, 0xFF, 0x00, 0x96, 0x15, 0xE5, 0xBF, 0xF0, 0x51, 0x5D, 0x6F, 0xC3,
    0x9F, 0xB0, 0x57, 0xFC, 0x13, 0x87, 0xE2, 0xDF, 0xC4, 0xBF, 0xD9, 0xC3, 0xC0, 0x1A, 0x2F, 0x85,
    0xAE, 0xAC, 0xF4, 0x02, 0x6D, 0x17, 0xC3, 0x9A, 0x64, 0x36, 0x29, 0x1D, 0xD5, 0xCC, 0xD0, 0x59,
    0x0B, 0xB2, 0xB0, 0xA2, 0x83, 0x24, 0x6B, 0x2A, 0xB6, 0xE3, 0xC8, 0xF2, 0xC7, 0x3D, 0xC7, 0xC6,
    0x1F, 0xF0, 0x49, 0xCF, 0xD9, 0x6F, 0xFE, 0x0B, 0x3D, 0xA4, 0xFE, 0xD9, 0xFA, 0x3F, 0x8A, 0xFF,
    0x00, 0x6E, 0x1F, 0x19, 0x7C, 0x57, 0xB2, 0xF0, 0x0E, 0x8F, 0xA4, 0x5E, 0xDC, 0x4F, 0x6D, 0xE2,
    0x0F, 0x1E, 0xA5, 0xED, 0xAD, 0xFD, 0xC9, 0x89, 0x61, 0x82, 0x07, 0x85, 0x2E, 0x24, 0x2D, 0xCC,
    0xC6, 0x50, 0x48, 0x20, 0x1B, 0x72, 0x7D, 0x2B, 0xF5, 0x53, 0xE3, 0x57, 0xC1, 0xFF, 0x00, 0x03,
    0x7C, 0x7C, 0xF8, 0x51, 0xE2, 0x2F, 0x83, 0x1F, 0x13, 0x74, 0x4F, 0xB6, 0xE8, 0x1E, 0x28, 0xD2,
    0x67, 0xD3, 0xB5, 0x6B, 0x5D, 0xFB, 0x4B, 0x43, 0x2A, 0x14, 0x62, 0x0E, 0x3E, 0x56, 0x00, 0xE5,
    0x4F, 0x66, 0x50, 0x7B, 0x57, 0xE5, 0x79, 0x85, 0x05, 0x92, 0x67, 0x34, 0x69, 0x56, 0xC5, 0x2C,
    0x55, 0x38, 0xB8, 0x4A, 0x5C, 0xAD, 0xCA, 0x2D, 0x5E, 0xEE, 0x3A, 0xB6, 0x9B, 0xB2, 0xFC, 0x4F,
    0xAE, 0xC3, 0x54, 0x78, 0xFC, 0x0C, 0xA7, 0x1A, 0x4E, 0x94, 0xDA, 0x69, 0x5D, 0x24, 0xF6, 0xDF,
    0xD0, 0xFE, 0x76, 0x7F, 0xE0, 0x82, 0xFE, 0x02, 0xFD, 0x95, 0x3E, 0x28, 0x7E, 0xDE, 0x70, 0xE9,
    0x9F, 0xB5, 0xCC, 0xFA, 0x75, 0xEC, 0x8B, 0x62, 0xF3, 0x78, 0x3F, 0x4E, 0xF1, 0x1B, 0x03, 0x69,
    0xA9, 0x6B, 0xC6, 0x64, 0xF9, 0x65, 0x2E, 0x42, 0xC9, 0x30, 0x55, 0x96, 0x44, 0x89, 0x89, 0x0C,
    0xFB, 0x98, 0x02, 0x40, 0x15, 0xFD, 0x08, 0x7C, 0x45, 0xFD, 0x9A, 0xFF, 0x00, 0x67, 0xBF, 0x8C,
    0x3E, 0x11, 0x97, 0xC0, 0x5F, 0x13, 0xFE, 0x0D, 0x78, 0x5B, 0x5F, 0xD1, 0xA6, 0x80, 0x42, 0xDA,
    0x6E, 0xB5, 0xA1, 0xC1, 0x3C, 0x4B, 0x1E, 0x38, 0x55, 0x47, 0x5F, 0x94, 0x71, 0xC1, 0x5C, 0x63,
    0xB7, 0xAD, 0x7F, 0x3A, 0x7F, 0xF0, 0x53, 0x0F, 0xF8, 0x23, 0xFF, 0x00, 0xED, 0x21, 0xFF, 0x00,
    0x04, 0xEB, 0xF1, 0x3D, 0xDF, 0x8B, 0x5F, 0x4F, 0xBA, 0xF1, 0x1F, 0xC3, 0x83, 0x78, 0x5F, 0x46,
    0xF1, 0xD6, 0x92, 0xA7, 0x75, 0x9A, 0x97, 0xCC, 0x71, 0xDE, 0x01, 0xF3, 0x5B, 0xCA, 0x9F, 0x28,
    0x12, 0x7D, 0xC7, 0x61, 0x90, 0x55, 0xB2, 0x2B, 0xEB, 0x5F, 0xF8, 0x21, 0x7F, 0xFC, 0x16, 0xC3,
    0xE2, 0xB5, 0xEF, 0xC4, 0xFF, 0x00, 0x0E, 0xFE, 0xC4, 0xBF, 0xB5, 0x47, 0x89, 0x25, 0xF1, 0x0E,
    0x9D, 0xAE, 0xB8, 0xB1, 0xF0, 0x2F, 0x8A, 0xEF, 0x0F, 0xFA, 0x55, 0xA5, 0xCE, 0x17, 0xC9, 0xB4,
    0xB9, 0x6D, 0xA3, 0xCE, 0x8A, 0x4F, 0xBA, 0x92, 0xB7, 0xEF, 0x03, 0x10, 0xA7, 0x70, 0x70, 0x47,
    0xEA, 0x3C, 0x73, 0x92, 0xE2, 0x38, 0x92, 0x8A, 0xE2, 0x2C, 0x97, 0x11, 0xED, 0x29, 0xC6, 0x2A,
    0xF0, 0x4D, 0xA7, 0x1E, 0x55, 0xAF, 0x2D, 0xB6, 0x97, 0x59, 0x27, 0x67, 0xD4, 0xF9, 0x5C, 0x87,
    0x19, 0x4F, 0x2E, 0xAA, 0xF2, 0xFC, 0x6D, 0x3B, 0x49, 0xBD, 0x1B, 0x57, 0xBD, 0xFB, 0x9F, 0xAE,
    0xFF, 0x00, 0xB3, 0x57, 0xEC, 0xBD, 0xF0, 0x5B, 0xF6, 0x49, 0xF8, 0x5D, 0x6F, 0xF0, 0x67, 0xF6,
    0x7E, 0xF0, 0x7C, 0x3E, 0x1F, 0xF0, 0xCD, 0xA5, 0xE5, 0xD5, 0xD5, 0xB6, 0x99, 0x0C, 0xD2, 0x4A,
    0x12, 0x5B, 0x89, 0xDA, 0x79, 0x1B, 0x7C, 0x8C, 0xCE, 0xDF, 0x3B, 0xB0, 0x1B, 0x89, 0xC2, 0x85,
    0x51, 0xC2, 0x8A, 0xF4, 0x51, 0xD2, 0xA2, 0xB4, 0x90, 0x49, 0x10, 0x6C, 0x9E, 0x83, 0x86, 0x23,
    0x23, 0x81, 0xE9, 0x52, 0xD7, 0xE1, 0x95, 0x2A, 0xD4, 0xAF, 0x37, 0x52, 0x72, 0x6D, 0xBD, 0x5B,
    0x7A, 0xB6, 0xFB, 0xB6, 0x7D, 0xFC, 0x21, 0x18, 0x45, 0x46, 0x2A, 0xC9, 0x05, 0x14, 0x51, 0x50,
    0x50, 0x51, 0x45, 0x14, 0x00, 0x51, 0x45, 0x14, 0x00, 0x51, 0x45, 0x14, 0x00, 0x57, 0xCF, 0x7F,
    0xF0, 0x54, 0x5F, 0xDA, 0x40, 0x7E, 0xCB, 0x9F, 0xB0, 0x57, 0xC5, 0x0F, 0x8C, 0x56, 0x37, 0x86,
    0xDB, 0x53, 0xB1, 0xF0, 0xBC, 0xF6, 0xBA, 0x24, 0x85, 0x82, 0x91, 0xA8, 0x5C, 0xED, 0xB6, 0xB6,
    0x20, 0xE7, 0xA8, 0x96, 0x64, 0x6E, 0x39, 0xF9, 0x49, 0xED, 0x5F, 0x42, 0x57, 0xC5, 0xDF, 0xF0,
    0x59, 0x7F, 0xD8, 0x47, 0xF6, 0x88, 0xFF, 0x00, 0x82, 0x87, 0x7C, 0x08, 0xF0, 0xF7, 0xC0, 0xBF,
    0x81, 0xFF, 0x00, 0x10, 0x7C, 0x39, 0xE1, 0xFB, 0x3B, 0x7F, 0x16, 0x26, 0xAD, 0xE2, 0x36, 0xF1,
    0x23, 0xDC, 0xAA, 0xDD, 0xA4, 0x56, 0xCF, 0x1C, 0x10, 0x0F, 0x22, 0x37, 0x38, 0xF3, 0x26, 0x12,
    0x9C, 0x8E, 0xB1, 0x26, 0x31, 0xDF, 0xD2, 0xC9, 0xA1, 0x82, 0xA9, 0x9B, 0xE1, 0xD6, 0x2E, 0x6A,
    0x34, 0xB9, 0xD3, 0x93, 0x7B, 0x28, 0xA7, 0x77, 0xB7, 0xA5, 0x8E, 0x4C, 0x7B, 0xAE, 0xB0, 0x55,
    0x3D, 0x8A, 0xBC, 0xAC, 0xEC, 0xBC, 0xFA, 0x1F, 0x96, 0x5F, 0xF0, 0x6D, 0x17, 0xEC, 0xDC, 0xBF,
    0x15, 0x7F, 0x6F, 0x89, 0x3E, 0x2F, 0xEA, 0x36, 0x26, 0x4D, 0x2F, 0xE1, 0x97, 0x86, 0xA6, 0xBC,
    0xB6, 0x79, 0x40, 0x23, 0xED, 0xD7, 0x20, 0xDA, 0x5B, 0xE7, 0x3C, 0x65, 0x50, 0x5D, 0x3F, 0x5C,
    0x86, 0x8D, 0x31, 0x9C, 0x92, 0xBF, 0xD0, 0xC8, 0x54, 0xF2, 0x43, 0xED, 0xC7, 0xCB, 0x9C, 0x57,
    0xC5, 0x5F, 0xF0, 0x45, 0x3F, 0xF8, 0x26, 0x37, 0x8B, 0x7F, 0xE0, 0x9B, 0x9F, 0x06, 0xFC, 0x5B,
    0xE1, 0xAF, 0x8A, 0x5E, 0x26, 0xD0, 0xB5, 0xBF, 0x13, 0xF8, 0xA7, 0xC4, 0xC9, 0x79, 0x71, 0xA8,
    0x78, 0x7C, 0x4A, 0x60, 0x5B, 0x28, 0xAD, 0xA3, 0x8E, 0x18, 0x49, 0x9A, 0x34, 0x7D, 0xC2, 0x53,
    0x74, 0xE4, 0x63, 0x1F, 0xBC, 0x18, 0xEF, 0x5F, 0x64, 0xEB, 0xE7, 0x57, 0x8B, 0x49, 0x99, 0xB4,
    0x08, 0x21, 0x9A, 0xF1, 0x2D, 0xE4, 0x36, 0xB1, 0xDD, 0x48, 0x52, 0x37, 0x94, 0x29, 0xD8, 0xAE,
    0xCA, 0xAC, 0x55, 0x4B, 0x60, 0x12, 0x14, 0x90, 0x09, 0xE0, 0xF4, 0xAF, 0xA1, 0xE3, 0xFC, 0xF3,
    0x0F, 0xC4, 0x3C, 0x4D, 0x52, 0xBE, 0x1E, 0x5C, 0xD4, 0xA2, 0x94, 0x20, 0xFA, 0x34, 0xB7, 0x7A,
    0xF7, 0x6D, 0xB3, 0xCE, 0xE1, 0xEC, 0x04, 0xF2, 0xEC, 0xB2, 0x34, 0xEA, 0x2B, 0x49, 0xEA, 0xFD,
    0x59, 0xF9, 0xE5, 0xFF, 0x00, 0x05, 0xFA, 0xFF, 0x00, 0x82, 0x9D, 0xC9, 0xFB, 0x26, 0x7C, 0x15,
    0xFF, 0x00, 0x86, 0x71, 0xF8, 0x3D, 0xAF, 0xBC, 0x1F, 0x12, 0x7C, 0x7F, 0x63, 0x2C, 0x22, 0x7B,
    0x69, 0x31, 0x2E, 0x89, 0xA4, 0xB6, 0xE8, 0xE5, 0xBC, 0x05, 0x09, 0x2B, 0x2C, 0x9F, 0xEA, 0xE1,
    0x3D, 0x89, 0x92, 0x4E, 0xB1, 0x6C, 0x6F, 0xCF, 0x9F, 0xF8, 0x27, 0xF7, 0xFC, 0x1B, 0xD7, 0xF1,
    0x83, 0xF6, 0xDD, 0xFD, 0x9F, 0xAC, 0x7F, 0x68, 0x5F, 0x12, 0x7C, 0x5D, 0xB6, 0xF0, 0x0E, 0x99,
    0xAC, 0xCE, 0xC7, 0xC3, 0x76, 0x57, 0x3A, 0x0B, 0xDD, 0xC9, 0x7F, 0x64, 0xA1, 0x94, 0x5E, 0x7F,
    0xAF, 0x8F, 0x62, 0xB3, 0x2E, 0x14, 0xF2, 0x1D, 0x7E, 0x71, 0x90, 0x41, 0x3F, 0x4C, 0x6B, 0x3F,
    0xF0, 0x6F, 0x9F, 0xED, 0x71, 0xFB, 0x51, 0x7E, 0xD9, 0xCF, 0xFB, 0x47, 0x7E, 0xDD, 0xDF, 0x1D,
    0xBC, 0x17, 0xAD, 0x68, 0x7A, 0xDF, 0x88, 0x57, 0x50, 0xF1, 0x36, 0x97, 0xE1, 0x99, 0x2F, 0x8D,
    0xC4, 0xB6, 0x71, 0xE0, 0x43, 0xA7, 0x40, 0x66, 0xB7, 0x8D, 0x63, 0x81, 0x63, 0x8E, 0x28, 0x83,
    0x16, 0xDC, 0xA8, 0x19, 0x87, 0xEF, 0x18, 0xCA, 0x7F, 0x5D, 0xFC, 0x31, 0xE1, 0xDD, 0x27, 0xC3,
    0x9A, 0x25, 0xA7, 0x87, 0xF4, 0x2D, 0x32, 0x0B, 0x2B, 0x1B, 0x1B, 0x74, 0x82, 0xCA, 0xD6, 0xD2,
    0x30, 0x91, 0xC1, 0x0A, 0x28, 0x09, 0x1A, 0x2A, 0xF0, 0x15, 0x54, 0x00, 0x07, 0x4C, 0x0A, 0xF7,
    0x7F, 0xD6, 0x7C, 0x27, 0x08, 0x64, 0x34, 0x70, 0x59, 0x0D, 0x58, 0xCE, 0xBD, 0x4F, 0x7E, 0xAD,
    0x45, 0x14, 0xD7, 0xF8, 0x12, 0x92, 0xE9, 0xFA, 0x5F, 0xA9, 0xE7, 0xFF, 0x00, 0x65, 0xD6, 0xCE,
    0x31, 0xF2, 0xAD, 0x8F, 0x83, 0x54, 0xE3, 0xA4, 0x23, 0xFA, 0xE8, 0xCF, 0xC5, 0x8F, 0x12, 0x7F,
    0xC1, 0xA8, 0x3E, 0x39, 0xD0, 0xBC, 0x3D, 0x7F, 0xAC, 0xDB, 0x7E, 0xD9, 0x5A, 0x7D, 0xCB, 0x5A,
    0x59, 0xCB, 0x32, 0x5A, 0xB7, 0x82, 0x19, 0x7C, 0xE6, 0x55, 0x2C, 0x13, 0x77, 0xDA, 0x8E, 0xDC,
    0x91, 0x8C, 0xE0, 0xE3, 0x39, 0xC7, 0x15, 0xF1, 0xB7, 0xFC, 0x11, 0x0B, 0xC4, 0x8F, 0xE1, 0x4F,
    0xF8, 0x2A, 0x6F, 0xC1, 0xDB, 0xAB, 0x98, 0xBC, 0x86, 0xBB, 0xD7, 0xA7, 0xB3, 0x9A, 0x3D, 0xFC,
    0x62, 0x7D, 0x3A, 0xEA, 0x3D, 0xBC, 0x9E, 0x9B, 0xC8, 0x18, 0xF4, 0x1F, 0x85, 0x7F, 0x4F, 0xF7,
    0xF1, 0x09, 0xAD, 0x1E, 0x27, 0x6F, 0x95, 0xB1, 0xB8, 0x11, 0xC1, 0x19, 0xE4, 0x57, 0xE2, 0xEF,
    0xEC, 0xD9, 0xFF, 0x00, 0x06, 0xE7, 0xFE, 0xD7, 0xFF, 0x00, 0x00, 0x7F, 0x6C, 0x3F, 0x06, 0xFE,
    0xD1, 0x12, 0x7C, 0x6E, 0xF8, 0x76, 0xFA, 0x57, 0x85, 0xFE, 0x20, 0xDB, 0xEB, 0x4F, 0x63, 0x1B,
    0x5F, 0x24, 0xEF, 0x66, 0x97, 0x01, 0xCC, 0x2B, 0x98, 0x76, 0xEF, 0x31, 0x97, 0x1F, 0x7B, 0x19,
    0xF6, 0xAF, 0x63, 0x21, 0xE3, 0xF9, 0xE6, 0x79, 0x56, 0x61, 0x85, 0xCF, 0x31, 0x31, 0xBC, 0xE9,
    0xB5, 0x4E, 0xF1, 0x4B, 0x57, 0x19, 0x26, 0x97, 0x2C, 0x57, 0x5B, 0x6E, 0x71, 0xE6, 0x1C, 0x3D,
    0x0C, 0x2E, 0x2F, 0x0F, 0x57, 0x03, 0x4B, 0x69, 0x5E, 0x5A, 0xF9, 0xAE, 0xEF, 0xD4, 0xE7, 0xBF,
    0xE0, 0xEB, 0xBF, 0x0B, 0xF8, 0x8E, 0xDF, 0xE3, 0x7F, 0xC2, 0x2F, 0x1C, 0x4D, 0x66, 0x7F, 0xB2,
    0xAE, 0x7C, 0x37, 0xA8, 0x58, 0xA5, 0xD0, 0x27, 0x6A, 0xDC, 0xC5, 0x3A, 0x4A, 0xE8, 0x00, 0xFE,
    0x23, 0x1C, 0xCA, 0xDE, 0xA4, 0x06, 0xF4, 0xC1, 0xFA, 0x27, 0xFE, 0x0D, 0xA4, 0xFD, 0xAF, 0x3E,
    0x0E, 0xF8, 0x8F, 0xF6, 0x39, 0x5F, 0xD9, 0x66, 0xEF, 0xC5, 0x96, 0x36, 0x5E, 0x32, 0xF0, 0x76,
    0xBF, 0xA8, 0xCA, 0xFA, 0x3D, 0xCC, 0xEB, 0x1C, 0xD7, 0xB6, 0xB7, 0x57, 0x2D, 0x70, 0x97, 0x11,
    0x02, 0x47, 0x98, 0x04, 0x92, 0x4B, 0x1B, 0x63, 0x95, 0x64, 0x00, 0x8F, 0x99, 0x49, 0xFB, 0x1B,
    0xF6, 0xEF, 0xFD, 0x84, 0xFE, 0x10, 0x7F, 0xC1, 0x40, 0xBE, 0x01, 0x5C, 0x7C, 0x15, 0xF8, 0xBD,
    0x1C, 0xF0, 0xA9, 0x9D, 0x2F, 0x74, 0x4D, 0x5E, 0xC5, 0x11, 0xA7, 0xD2, 0x6F, 0x55, 0x48, 0x49,
    0xE3, 0xDC, 0x30, 0xE0, 0x82, 0x55, 0xD1, 0x81, 0x57, 0x52, 0x41, 0xC0, 0x3C, 0x7E, 0x36, 0x7C,
    0x4F, 0xFF, 0x00, 0x83, 0x65, 0xBF, 0xE0, 0xA0, 0x5E, 0x04, 0xF1, 0x27, 0xDA, 0x3E, 0x0B, 0x78,
    0xDB, 0xC1, 0x7E, 0x2F, 0xB3, 0x8E, 0x47, 0x6B, 0x0D, 0x5E, 0xD3, 0x5C, 0x9B, 0x49, 0xBB, 0x03,
    0x38, 0x04, 0xA4, 0xA8, 0xE1, 0x5B, 0x03, 0x92, 0x93, 0x3F, 0x20, 0xF2, 0x33, 0x8A, 0xE6, 0xC9,
    0xF3, 0x4E, 0x1B, 0xE2, 0x2E, 0x0A, 0xA7, 0x91, 0xE6, 0x38, 0x95, 0x87, 0xAB, 0x49, 0xDE, 0x32,
    0x6B, 0xDD, 0x7A, 0xB6, 0xBF, 0xF4, 0xA6, 0x9A, 0xBD, 0xF4, 0x4D, 0x1A, 0x63, 0x30, 0x99, 0x8E,
    0x5B, 0x9D, 0xCB, 0x1F, 0x86, 0xA4, 0xEA, 0x46, 0x6A, 0xCD, 0x2E, 0x9B, 0x7F, 0x91, 0xFB, 0x37,
    0xFF, 0x00, 0x05, 0x0E, 0xFD, 0xA4, 0x6C, 0xFF, 0x00, 0x65, 0x8F, 0xD8, 0xE3, 0xE2, 0x2F, 0xC7,
    0x3F, 0xB5, 0xAC, 0x17, 0xBA, 0x27, 0x85, 0x2E, 0xE4, 0xD1, 0x3C, 0xD3, 0x8D, 0xF7, 0xED, 0x19,
    0x8E, 0xD4, 0x01, 0xD5, 0xB3, 0x3C, 0x91, 0xE7, 0xD8, 0x13, 0xCE, 0x00, 0x3F, 0x87, 0x3F, 0xF0,
    0x6E, 0x2F, 0xEC, 0xF5, 0x75, 0xF1, 0x9F, 0xFE, 0x0A, 0x2F, 0xA7, 0x78, 0xFB, 0x57, 0x47, 0xBA,
    0xD3, 0x7E, 0x19, 0xE8, 0x37, 0xBA, 0xDD, 0xCC, 0xAE, 0x85, 0x81, 0xBC, 0x95, 0x7E, 0xC7, 0x6B,
    0xBB, 0x39, 0xF9, 0xF7, 0x4D, 0x71, 0x37, 0x27, 0xEF, 0x41, 0xC6, 0x7A, 0xD7, 0x5F, 0xA1, 0x7F,
    0xC1, 0xB9, 0x5F, 0xF0, 0x55, 0x3F, 0x8A, 0x53, 0xA5, 0xBF, 0xC5, 0x6F, 0x88, 0xDE, 0x11, 0xD3,
    0x6D, 0x90, 0xF0, 0x7C, 0x41, 0xE3, 0xDB, 0xCD, 0x4C, 0xA6, 0x3D, 0x23, 0x8E, 0x17, 0xC7, 0xE0,
    0xC0, 0xF1, 0xDA, 0xBF, 0x4C, 0xFF, 0x00, 0xE0, 0x8F, 0x9F, 0xF0, 0x4A, 0x31, 0xFF, 0x00, 0x04,
    0xCF, 0xF0, 0x37, 0x8A, 0xAC, 0xBC, 0x4F, 0xF1, 0x36, 0xD7, 0xC5, 0xBE, 0x25, 0xF1, 0x85, 0xDD,
    0xB4, 0xBA, 0x86, 0xA5, 0x61, 0xA5, 0xB5, 0xAC, 0x36, 0xD0, 0xC3, 0x13, 0x2A, 0xC0, 0x9B, 0xE4,
    0x77, 0x75, 0xF3, 0x1E, 0x57, 0xDC, 0xDB, 0x7E, 0xF8, 0xF9, 0x7D, 0x57, 0xD6, 0xB8, 0x77, 0x84,
    0x38, 0x57, 0x19, 0x84, 0xC1, 0x63, 0xA3, 0x5F, 0x11, 0x88, 0xB4, 0x6F, 0x08, 0xB4, 0x94, 0x6D,
    0x67, 0xAE, 0xBB, 0x27, 0x2E, 0xBD, 0x41, 0x43, 0x31, 0xCE, 0x33, 0x6A, 0x35, 0xAB, 0x50, 0x74,
    0xE9, 0xD3, 0xD7, 0x5E, 0xFF, 0x00, 0xF0, 0xF6, 0xFB, 0x8F, 0xCF, 0xEF, 0xF8, 0x3A, 0xDF, 0xC7,
    0x3A, 0xED, 0xEF, 0xED, 0x23, 0xF0, 0x97, 0xC0, 0x52, 0x4B, 0x30, 0xD3, 0x74, 0xEF, 0x05, 0xDF,
    0xEA, 0x50, 0x23, 0xB1, 0x11, 0xC9, 0x73, 0x3D, 0xE8, 0x8A, 0x46, 0x03, 0xB9, 0x54, 0xB4, 0x41,
    0xED, 0xE7, 0x0F, 0x5A, 0xFB, 0xC3, 0xFE, 0x0D, 0xF2, 0x6F, 0x00, 0x5B, 0x7F, 0xC1, 0x2D, 0x3E,
    0x1E, 0x5A, 0x78, 0x2F, 0x55, 0xB7, 0xBC, 0xB9, 0x49, 0x75, 0x29, 0x35, 0xF5, 0xB4, 0x91, 0x59,
    0xE3, 0xBE, 0x6B, 0xFB, 0x8D, 0xE2, 0x50, 0xBF, 0x75, 0x82, 0x08, 0x86, 0x0F, 0x64, 0x5A, 0xD4,
    0xFF, 0x00, 0x82, 0xBB, 0xFF, 0x00, 0xC1, 0x26, 0x7C, 0x37, 0xFF, 0x00, 0x05, 0x2E, 0xF0, 0x26,
    0x89, 0x75, 0xA2, 0x78, 0xC2, 0x2F, 0x0C, 0x78, 0xF7, 0xC2, 0x5E, 0x7A, 0xF8, 0x6B, 0x5D, 0xBA,
    0xB7, 0x69, 0x6D, 0xE5, 0x86, 0x62, 0x86, 0x5B, 0x5B, 0x85, 0x42, 0x1B, 0x63, 0x18, 0xD1, 0x83,
    0x29, 0xCA, 0x91, 0x9D, 0xAC, 0x09, 0x15, 0xF9, 0x63, 0x6B, 0xFF, 0x00, 0x06, 0xF1, 0x7F, 0xC1,
    0x5C, 0xBC, 0x07, 0xAA, 0xDC, 0xD8, 0x78, 0x12, 0x7D, 0x02, 0x0B, 0x49, 0xD8, 0xAC, 0xF7, 0xFA,
    0x17, 0xC4, 0x66, 0xB4, 0x8A, 0x45, 0xE4, 0x6E, 0x65, 0x01, 0x24, 0x6E, 0x09, 0x20, 0x30, 0x38,
    0xCF, 0x03, 0x34, 0xF0, 0x58, 0x8E, 0x1E, 0xE2, 0x1E, 0x04, 0xC3, 0xE5, 0x15, 0xF1, 0xB1, 0xC3,
    0x55, 0xA3, 0x36, 0xDF, 0x32, 0x76, 0x97, 0xC5, 0x67, 0xD2, 0xFF, 0x00, 0x17, 0x7D, 0xC7, 0x88,
    0xA7, 0x98, 0x65, 0xD9, 0xED, 0x4C, 0x64, 0x68, 0x3A, 0xB1, 0x9A, 0xB6, 0x9D, 0x36, 0xFF, 0x00,
    0x23, 0xED, 0xBF, 0xF8, 0x38, 0xB7, 0xFE, 0x0A, 0x31, 0xE0, 0x5F, 0x87, 0x3F, 0xB3, 0x36, 0xA3,
    0xFB, 0x1A, 0x7C, 0x38, 0xF1, 0x7C, 0x37, 0xDE, 0x36, 0xF1, 0xB4, 0x90, 0x43, 0xE2, 0x1B, 0x4B,
    0x09, 0xC3, 0x3E, 0x97, 0xA4, 0x07, 0x59, 0x25, 0xF3, 0x8A, 0x13, 0xE5, 0x3C, 0xFB, 0x52, 0x14,
    0x8D, 0xBE, 0x77, 0x59, 0x64, 0x38, 0xF9, 0x46, 0x68, 0x7F, 0xC1, 0xB1, 0xFF, 0x00, 0xB1, 0xFE,
    0xB3, 0xF0, 0xA7, 0xF6, 0x77, 0xF1, 0x4F, 0xED, 0x63, 0xE3, 0x4D, 0x29, 0x21, 0xD4, 0x7E, 0x24,
    0xDE, 0xC3, 0x6D, 0xA1, 0x19, 0x50, 0xA9, 0x3A, 0x3D, 0x9B, 0x30, 0x59, 0x47, 0xFB, 0x32, 0xCC,
    0xF2, 0xB6, 0x78, 0xC8, 0x85, 0x0F, 0x20, 0x8A, 0xF3, 0xEF, 0xD8, 0xAB, 0xFE, 0x0D, 0x87, 0xBD,
    0xD3, 0x7C, 0x73, 0x6D, 0xF1, 0x23, 0xF6, 0xF6, 0xF8, 0x93, 0xA6, 0x6B, 0x36, 0x91, 0x4E, 0x67,
    0x7F, 0x02, 0xF8, 0x60, 0xCA, 0xEB, 0x78, 0xD9, 0x2D, 0xB2, 0xEE, 0xF2, 0x40, 0x8E, 0xF1, 0xF5,
    0xDC, 0x91, 0x20, 0x66, 0x1F, 0x2F, 0x99, 0xB4, 0xB0, 0x6F, 0xD5, 0x3F, 0x88, 0xFE, 0x01, 0xF1,
    0x1D, 0xA7, 0xC0, 0x8D, 0x77, 0xE1, 0xE7, 0xC0, 0xA8, 0x74, 0x9D, 0x1B, 0x54, 0x5F, 0x0A, 0xDC,
    0x69, 0xDE, 0x14, 0x89, 0xE2, 0x31, 0x58, 0xE9, 0xF3, 0x9B, 0x66, 0x8A, 0xDC, 0x6D, 0x89, 0x72,
    0x91, 0x23, 0x18, 0xC8, 0x55, 0x1C, 0x01, 0xB4, 0x01, 0xC5, 0x78, 0xF9, 0xC6, 0x6D, 0x92, 0xE5,
    0x7C, 0x3A, 0xB8, 0x7F, 0x29, 0xAD, 0xED, 0x15, 0x49, 0xA9, 0x55, 0xAB, 0x6B, 0x27, 0xAA, 0xB2,
    0x4B, 0x7B, 0x68, 0x9E, 0xEF, 0x4E, 0xAC, 0xEA, 0xC1, 0x60, 0xF1, 0xD8, 0xBC, 0xC3, 0xFB, 0x47,
    0x17, 0x1E, 0x5E, 0x55, 0x68, 0xC3, 0x7F, 0xE9, 0x9F, 0xCF, 0x67, 0xC6, 0x73, 0x7F, 0xFF, 0x00,
    0x05, 0x48, 0xFF, 0x00, 0x82, 0xE3, 0x5E, 0x78, 0x6B, 0x4D, 0xBA, 0x9A, 0xE7, 0x47, 0xF1, 0x27,
    0xC5, 0x28, 0x34, 0x5B, 0x79, 0x13, 0x2D, 0xE5, 0xE8, 0x1A, 0x69, 0x10, 0xCD, 0x27, 0x71, 0x86,
    0xB6, 0xB5, 0xB8, 0x9B, 0xD3, 0x74, 0xC3, 0x9E, 0x4E, 0x3F, 0xA0, 0xAF, 0xDA, 0x17, 0xE0, 0x87,
    0x84, 0x3F, 0x68, 0x2F, 0xD9, 0xF3, 0xC5, 0x9F, 0x00, 0x7C, 0x55, 0x6B, 0x1C, 0x5A, 0x4F, 0x8A,
    0x7C, 0x39, 0x71, 0xA5, 0xB8, 0xDA, 0x31, 0x02, 0x49, 0x13, 0x88, 0xE4, 0x51, 0xD8, 0xC6, 0xD8,
    0x71, 0xE9, 0xE5, 0x8C, 0x73, 0xC5, 0x7E, 0x7E, 0x7F, 0xC1, 0x21, 0xBF, 0xE0, 0x85, 0xDF, 0x18,
    0xFF, 0x00, 0x61, 0x4F, 0xDA, 0xB6, 0x4F, 0xDA, 0x33, 0xE3, 0xE7, 0xC4, 0xFF, 0x00, 0x08, 0xF8,
    0x8C, 0xC3, 0xE1, 0xAB, 0xCB, 0x1D, 0x12, 0x2F, 0x0F, 0xBD, 0xD3, 0x4B, 0x15, 0xDC, 0xEE, 0x9B,
    0xA6, 0x73, 0x34, 0x48, 0x0F, 0xEE, 0x85, 0xC2, 0x70, 0x4F, 0xDE, 0xAF, 0xD4, 0x89, 0x20, 0x61,
    0x18, 0xC3, 0x1C, 0xF3, 0xCF, 0x1C, 0x7E, 0x95, 0xCF, 0xC7, 0x59, 0xEE, 0x0F, 0x17, 0x8D, 0xC2,
    0x50, 0xCA, 0xEA, 0x73, 0x52, 0xC3, 0x53, 0x8C, 0x62, 0xD6, 0x8B, 0x9B, 0x76, 0xD6, 0x8B, 0x6B,
    0x25, 0xF2, 0x34, 0xC8, 0x30, 0x15, 0xA9, 0xE1, 0xEB, 0x54, 0xC5, 0x46, 0xD3, 0xAB, 0x26, 0xDA,
    0x7D, 0x8F, 0xE3, 0xDF, 0xC5, 0x5A, 0x37, 0xC4, 0x0F, 0x82, 0x1E, 0x3D, 0xF1, 0x2F, 0xC3, 0x2D,
    0x5A, 0xEA, 0xE7, 0x49, 0xD6, 0xF4, 0x9B, 0xAD, 0x43, 0xC3, 0xDE, 0x22, 0xB6, 0x86, 0x52, 0xBB,
    0x99, 0x25, 0x92, 0x0B, 0x9B, 0x76, 0x20, 0x7C, 0xC8, 0x64, 0x88, 0x8E, 0x98, 0x60, 0x17, 0xD7,
    0x8F, 0xDB, 0x8F, 0xF8, 0x35, 0xBB, 0xF6, 0x76, 0xB7, 0xF0, 0x4F, 0xEC, 0xB9, 0xE3, 0x2F, 0xDA,
    0x47, 0x55, 0xB3, 0xFF, 0x00, 0x4C, 0xF1, 0xE7, 0x88, 0xD2, 0xC3, 0x4E, 0xB8, 0x6C, 0x65, 0xAC,
    0x34, 0xF0, 0xD1, 0xE5, 0x7B, 0xE1, 0xAE, 0x66, 0xB9, 0xF6, 0xF9, 0x07, 0x7E, 0x07, 0x37, 0xFF,
    0x00, 0x05, 0x2C, 0xFF, 0x00, 0x83, 0x78, 0x3E, 0x34, 0xFE, 0xD6, 0x7F, 0xB5, 0xF7, 0x8A, 0x3F,
    0x68, 0x4F, 0xD9, 0xFF, 0x00, 0xE2, 0x7F, 0x82, 0x34, 0x3D, 0x2B, 0xC4, 0xF1, 0xDB, 0x5D, 0x6A,
    0x1A, 0x76, 0xBA, 0xF7, 0x6B, 0x3A, 0xDF, 0xA4, 0x62, 0x39, 0x58, 0x79, 0x10, 0x3A, 0x85, 0x6D,
    0x8A, 0xD9, 0x24, 0xB1, 0x62, 0xC4, 0xF5, 0xAF, 0xBB, 0x7E, 0x01, 0x7E, 0xCA, 0xFE, 0x38, 0xFD,
    0x96, 0xBF, 0xE0, 0x9E, 0x5A, 0x3F, 0xEC, 0xA1, 0xF0, 0x87, 0x5D, 0xD2, 0xD3, 0xC5, 0xDE, 0x1F,
    0xF8, 0x7B, 0x26, 0x99, 0xA7, 0xEB, 0x33, 0x34, 0x89, 0x69, 0xFD, 0xB3, 0x25, 0xBB, 0xB1, 0xBA,
    0x38, 0x52, 0xE1, 0x4D, 0xD4, 0x8F, 0x26, 0x31, 0xBB, 0x18, 0xC9, 0xCD, 0x7D, 0x77, 0x1B, 0xF1,
    0xC6, 0x57, 0x9E, 0x70, 0xAD, 0x0C, 0x26, 0x1A, 0xAA, 0xF6, 0xB5, 0x9C, 0x5D, 0x55, 0xAA, 0x71,
    0xB6, 0xAD, 0x37, 0x6D, 0x57, 0x35, 0xAD, 0xAB, 0x3C, 0x6C, 0x8B, 0x21, 0xC6, 0x60, 0x33, 0x5A,
    0x95, 0x6A, 0xC7, 0xDD, 0x82, 0x97, 0x2F, 0x9D, 0xFB, 0x1F, 0x80, 0x9F, 0xB7, 0xBF, 0x8E, 0xAE,
    0xFF, 0x00, 0xE0, 0xA1, 0x1F, 0xF0, 0x55, 0x9F, 0x17, 0x43, 0xE1, 0xDD, 0x6A, 0x23, 0x69, 0xE2,
    0x5F, 0x88, 0x30, 0x78, 0x5B, 0x44, 0xBB, 0x96, 0xE0, 0x08, 0xA0, 0xD3, 0xED, 0x08, 0xB1, 0x8E,
    0x40, 0xE4, 0xED, 0x44, 0x64, 0x8A, 0x49, 0xC9, 0xE9, 0x99, 0x98, 0xF5, 0xE2, 0xBF, 0xA3, 0x7F,
    0x0E, 0x7C, 0x4A, 0xFD, 0x9B, 0x7E, 0x09, 0x7C, 0x32, 0xD2, 0xFC, 0x37, 0x17, 0xC5, 0xEF, 0x08,
    0xE9, 0x7A, 0x17, 0x86, 0x74, 0x78, 0x6C, 0xAD, 0x64, 0xB8, 0xF1, 0x0D, 0xAC, 0x71, 0x45, 0x6D,
    0x0C, 0x6B, 0x1A, 0x82, 0x4C, 0x80, 0x0C, 0x2A, 0x2E, 0x79, 0xAF, 0xC5, 0xC5, 0xFF, 0x00, 0x83,
    0x56, 0x3F, 0x6D, 0x73, 0x1A, 0x8F, 0xF8, 0x68, 0x2F, 0x85, 0xB2, 0x95, 0x00, 0x17, 0x79, 0x75,
    0x06, 0x2E, 0xC0, 0x8C, 0xB7, 0x36, 0xBD, 0x49, 0x1C, 0x9A, 0xB1, 0xA5, 0x7F, 0xC1, 0xA9, 0x3F,
    0xB5, 0xC5, 0xD5, 0xD2, 0x26, 0xBB, 0xFB, 0x41, 0xFC, 0x2E, 0xB6, 0xB5, 0xDD, 0xCC, 0xD6, 0x9A,
    0x7E, 0xA1, 0x3B, 0xC7, 0xEE, 0x11, 0xA0, 0x41, 0x9C, 0xE3, 0xF8, 0x87, 0xAF, 0x3D, 0x0E, 0xDC,
    0x46, 0xB8, 0x1B, 0x3D, 0xC2, 0x60, 0xF0, 0xF1, 0xCD, 0x63, 0x4E, 0x9E, 0x1E, 0x1C, 0xA9, 0x28,
    0x49, 0xDD, 0xE8, 0xAF, 0xF7, 0x2E, 0xC2, 0xCB, 0x56, 0x7B, 0x97, 0x57, 0xAD, 0x57, 0xEA, 0xAE,
    0x52, 0xA8, 0xEF, 0x76, 0xD2, 0xB7, 0x91, 0xEB, 0x5F, 0xF0, 0x59, 0xFF, 0x00, 0xF8, 0x2F, 0x3F,
    0xC2, 0xEF, 0x13, 0x7C, 0x2D, 0xD6, 0x7F, 0x65, 0x3F, 0xD8, 0x97, 0xC7, 0x11, 0x6B, 0x97, 0x3A,
    0xF4, 0x33, 0x59, 0x78, 0xAF, 0xC7, 0x56, 0x5B, 0xD6, 0xD6, 0xCE, 0xC7, 0x68, 0xF3, 0x6D, 0xED,
    0x1B, 0x83, 0x3C, 0x92, 0x02, 0x51, 0xA4, 0x4C, 0xA2, 0x46, 0xCD, 0x86, 0x66, 0x60, 0x55, 0xFF,
    0x00, 0xF0, 0x6E, 0xBF, 0xFC, 0x12, 0xA3, 0xC4, 0xBE, 0x07, 0xD4, 0x61, 0xFD, 0xBE, 0xFE, 0x3E,
    0xF8, 0x4E, 0xE3, 0x4E, 0xB8, 0x7D, 0x39, 0xED, 0x7E, 0x1A, 0xE8, 0x1A, 0x8D, 0xB9, 0x49, 0x23,
    0xB7, 0x93, 0x86, 0xD4, 0xE4, 0x46, 0xFB, 0x8C, 0xC8, 0x7C, 0xB8, 0x47, 0x64, 0x69, 0x58, 0x70,
    0xE9, 0x8F, 0x71, 0xFD, 0x86, 0x7F, 0xE0, 0xDC, 0x3F, 0xD9, 0x5B, 0xF6, 0x6A, 0xD7, 0xAC, 0xFE,
    0x22, 0xFC, 0x74, 0xD7, 0x27, 0xF8, 0xA3, 0xE2, 0x2B, 0x19, 0x63, 0x9E, 0xC2, 0x0D, 0x4F, 0x4E,
    0x4B, 0x6D, 0x22, 0xD2, 0x64, 0x25, 0x95, 0xD6, 0xD1, 0x58, 0xF9, 0xE5, 0x4E, 0x0A, 0x99, 0x99,
    0xC0, 0x23, 0x3B, 0x73, 0x8C, 0x7E, 0x81, 0xF8, 0x8A, 0xCF, 0x5D, 0xB3, 0xF0, 0x9D, 0xF4, 0x1E,
    0x0B, 0x8A, 0xD5, 0x35, 0x41, 0x60, 0xEB, 0xA5, 0xFD, 0xB7, 0x2B, 0x0F, 0xDA, 0x02, 0x62, 0x3D,
    0xE5, 0x41, 0x3B, 0x01, 0xC6, 0x70, 0x33, 0x8E, 0x83, 0xA5, 0x7C, 0x96, 0x71, 0xC4, 0x79, 0x3E,
    0x5B, 0x93, 0x4B, 0x24, 0xE1, 0xFB, 0xF2, 0x4D, 0xFE, 0xF2, 0xB4, 0xB4, 0x94, 0xFA, 0x59, 0x2B,
    0x2B, 0x2E, 0xFA, 0x6D, 0xB7, 0x77, 0xEC, 0xE0, 0xF2, 0xDC, 0x6E, 0x27, 0x18, 0xB1, 0xB9, 0x85,
    0xAF, 0x1F, 0x86, 0x0B, 0x65, 0xFF, 0x00, 0x04, 0xFE, 0x6B, 0x3F, 0xE0, 0xB2, 0x5F, 0x17, 0xB5,
    0x5F, 0xDB, 0x0B, 0xFE, 0x0A, 0xA3, 0xE3, 0x2D, 0x27, 0xC2, 0x97, 0xB1, 0xDD, 0xC1, 0xA4, 0xEB,
    0x96, 0xBE, 0x08, 0xF0, 0xEB, 0x49, 0x30, 0xF2, 0xD3, 0xEC, 0xCE, 0x20, 0x66, 0xDC, 0x4E, 0x14,
    0x1B, 0xA9, 0x2E, 0x09, 0x3D, 0x3A, 0x1E, 0xBC, 0x0F, 0xE8, 0x5F, 0xF6, 0x78, 0x7F, 0x81, 0x5F,
    0x01, 0x3E, 0x05, 0xF8, 0x4B, 0xE0, 0x97, 0x85, 0x7E, 0x25, 0x78, 0x77, 0xFB, 0x3F, 0xC2, 0x7E,
    0x1E, 0xB4, 0xD2, 0x6D, 0x8A, 0xEB, 0x56, 0xDF, 0x32, 0xC1, 0x0A, 0x47, 0xBC, 0xE1, 0xFA, 0xB1,
    0x5D, 0xE7, 0xDD, 0xAB, 0xF1, 0xAE, 0xEB, 0xFE, 0x0D, 0x6F, 0xFD, 0xBC, 0x75, 0x5B, 0xE9, 0x35,
    0xCD, 0x6F, 0xF6, 0x89, 0xF8, 0x63, 0x73, 0x7F, 0x75, 0x70, 0xF7, 0x37, 0xD7, 0x73, 0xCD, 0xA9,
    0x16, 0x9A, 0xE2, 0x43, 0xBE, 0x59, 0x09, 0x36, 0x83, 0x2C, 0x64, 0x2E, 0xD9, 0xF7, 0xCD, 0x53,
    0x97, 0xFE, 0x0D, 0x4F, 0xFD, 0xB4, 0x25, 0x6D, 0xD2, 0x7C, 0x71, 0xF8, 0x4C, 0xE4, 0x28, 0x50,
    0x5F, 0xFB, 0x40, 0x9C, 0x00, 0x00, 0x1C, 0xDA, 0xFA, 0x01, 0x5F, 0x59, 0x9E, 0xCB, 0x82, 0x73,
    0xEC, 0xAB, 0x05, 0x81, 0xFE, 0xD4, 0x8D, 0x28, 0x61, 0xE3, 0x6B, 0x28, 0x4A, 0x57, 0x76, 0x4A,
    0xFB, 0xAF, 0x3E, 0xFB, 0x9E, 0x3E, 0x5E, 0xB3, 0xBC, 0x06, 0x32, 0xB6, 0x21, 0xE1, 0x5C, 0xE5,
    0x51, 0xFF, 0x00, 0x32, 0x5A, 0x5F, 0x6E, 0xA7, 0xEE, 0xC6, 0x8F, 0xF1, 0x33, 0xC0, 0x5E, 0x22,
    0xBF, 0x3A, 0x57, 0x85, 0xFC, 0x65, 0xA5, 0x6A, 0x77, 0x4B, 0x1F, 0x98, 0xD6, 0xDA, 0x7E, 0xA5,
    0x0C, 0xF2, 0x2A, 0x64, 0x02, 0xE5, 0x51, 0xC9, 0x0A, 0x0B, 0x28, 0x24, 0x8C, 0x0D, 0xC3, 0xD6,
    0xBC, 0xCB, 0xE0, 0x07, 0xFC, 0x14, 0x1B, 0xF6, 0x42, 0xFD, 0xA5, 0xFC, 0x41, 0xAE, 0x78, 0x43,
    0xE1, 0x1F, 0xC7, 0x9D, 0x07, 0x53, 0xD6, 0xBC, 0x3D, 0xAC, 0xDC, 0xE9, 0x9A, 0xB6, 0x8C, 0xF7,
    0x42, 0x0B, 0xB8, 0xE6, 0x86, 0x56, 0x8D, 0x8A, 0xC5, 0x2E, 0xD6, 0x96, 0x32, 0x54, 0x95, 0x91,
    0x03, 0x2B, 0x02, 0x30, 0x73, 0x90, 0x3E, 0x43, 0xFF, 0x00, 0x82, 0x42, 0xFF, 0x00, 0xC1, 0x17,
    0xFE, 0x2B, 0xFF, 0x00, 0xC1, 0x3B, 0xEF, 0xBE, 0x24, 0xF8, 0xE3, 0xE2, 0x07, 0xC4, 0x6F, 0x0A,
    0xDF, 0x78, 0xB7, 0xC4, 0xFE, 0x1C, 0x8F, 0x46, 0xF0, 0xB6, 0xA9, 0xA0, 0xDB, 0x5C, 0x34, 0x5A,
    0x62, 0x6E, 0x79, 0x1D, 0xDD, 0x64, 0x58, 0x99, 0x89, 0x97, 0xEC, 0x84, 0x85, 0x23, 0x2B, 0x08,
    0x19, 0x1C, 0x93, 0xF0, 0xCF, 0xC4, 0xAF, 0xF8, 0x36, 0x53, 0xFE, 0x0A, 0x21, 0xE0, 0xFD, 0x6C,
    0xEA, 0x7F, 0x0E, 0xFE, 0x20, 0x78, 0x23, 0xC6, 0x9E, 0x5B, 0x34, 0xA9, 0xAA, 0x47, 0xAC, 0x5C,
    0x69, 0x97, 0x5B, 0xCB, 0x12, 0x49, 0x59, 0x62, 0x21, 0x58, 0x92, 0x49, 0xC4, 0xA7, 0xA7, 0x5E,
    0x46, 0x3E, 0x1B, 0x03, 0xC3, 0xFC, 0x25, 0x89, 0xC7, 0xE2, 0x30, 0xF5, 0x33, 0x35, 0x18, 0xC1,
    0x47, 0xD9, 0xCD, 0xC6, 0xCA, 0x6D, 0xFC, 0x57, 0x4F, 0xA2, 0xD1, 0x6E, 0x9D, 0xCF, 0x77, 0x11,
    0x99, 0x66, 0xF4, 0xB0, 0xF4, 0xEA, 0xC7, 0x0D, 0x76, 0xEF, 0xCD, 0x1B, 0xDD, 0xAE, 0xDA, 0xFE,
    0x27, 0xED, 0x77, 0xED, 0x95, 0xF1, 0xEB, 0xF6, 0x72, 0xF8, 0x09, 0xF0, 0x0F, 0xC4, 0xFE, 0x39,
    0xFD, 0xA6, 0xF5, 0x5D, 0x36, 0xDF, 0xC2, 0xE9, 0xA5, 0x4A, 0xB7, 0x7A, 0x76, 0xA8, 0x10, 0x9D,
    0x53, 0x2B, 0x81, 0x6D, 0x14, 0x6D, 0xCC, 0xCE, 0xE4, 0x85, 0x0A, 0xA0, 0x91, 0x9C, 0x9C, 0x75,
    0xAF, 0xE7, 0x6F, 0xFE, 0x08, 0xEB, 0xF0, 0x0F, 0xC5, 0x1F, 0xB4, 0x57, 0xFC, 0x14, 0xA3, 0xE1,
    0xE5, 0x8F, 0x83, 0x74, 0x89, 0xAD, 0xF4, 0xCF, 0x0C, 0xF8, 0x92, 0x2F, 0x14, 0x6B, 0x66, 0xDC,
    0x93, 0x1E, 0x9F, 0x63, 0x67, 0x38, 0x99, 0x43, 0x30, 0xE0, 0x0F, 0x30, 0x45, 0x0A, 0xF1, 0x96,
    0x2C, 0x3A, 0x00, 0xC5, 0x7E, 0x8A, 0xF8, 0x6F, 0xFF, 0x00, 0x06, 0xDB, 0xFF, 0x00, 0xC1, 0x47,
    0x3E, 0x31, 0x6B, 0x36, 0x97, 0x3F, 0xB4, 0x2F, 0xC6, 0x2F, 0x0C, 0xF8, 0x77, 0x4B, 0xB7, 0x71,
    0xFE, 0x9B, 0x7D, 0xE2, 0x1B, 0x8D, 0x7A, 0xEA, 0x15, 0x1C, 0x7E, 0xE2, 0x1C, 0x79, 0x79, 0xED,
    0x96, 0x99, 0x3D, 0x30, 0x40, 0xC5, 0x7E, 0xB7, 0x7F, 0xC1, 0x3E, 0x7F, 0xE0, 0x9B, 0x5F, 0xB3,
    0xF7, 0xFC, 0x13, 0xBF, 0xE1, 0xB4, 0xBE, 0x09, 0xF8, 0x3B, 0xA7, 0xCB, 0x7B, 0xAB, 0xEA, 0x7E,
    0x5B, 0x78, 0x97, 0xC5, 0x9A, 0xA0, 0x46, 0xBE, 0xD5, 0x59, 0x17, 0x08, 0x18, 0xAF, 0x09, 0x12,
    0x02, 0x42, 0x44, 0x38, 0x50, 0x7B, 0x9C, 0x93, 0xF4, 0x74, 0x73, 0x4C, 0x8B, 0x81, 0xF2, 0x5C,
    0x56, 0x1B, 0x03, 0x8B, 0x58, 0x9C, 0x46, 0x21, 0x72, 0xFB, 0xA9, 0xA8, 0x41, 0x59, 0xAB, 0xF5,
    0x4D, 0xD9, 0xBD, 0xB5, 0xE9, 0xB1, 0xE6, 0xCB, 0x0B, 0x8F, 0xCF, 0xB1, 0xD4, 0xAB, 0x62, 0x28,
    0xFB, 0x28, 0x53, 0xD7, 0x5D, 0xDB, 0xF9, 0x74, 0x3E, 0x85, 0xB1, 0x89, 0x92, 0x1D, 0xA4, 0x01,
    0x85, 0x0B, 0x81, 0xDB, 0x1C, 0x7E, 0x35, 0x60, 0x70, 0x31, 0x4D, 0x8D, 0x36, 0x0C, 0x67, 0xAF,
    0x5A, 0x75, 0x7E, 0x44, 0xB4, 0x47, 0xD9, 0x85, 0x14, 0x51, 0x4C, 0x02, 0x8A, 0x28, 0xA0, 0x02,
    0x8A, 0x28, 0xA0, 0x02, 0x8A, 0x28, 0xA0, 0x02, 0x93, 0xCB, 0x8F, 0x20, 0xEC, 0x1C, 0x74, 0xE2,
    0x96, 0x8A, 0x00, 0x45, 0x44, 0x41, 0x84, 0x50, 0x00, 0x18, 0x18, 0x1D, 0xA8, 0x64, 0x47, 0x52,
    0xAE, 0xA0, 0x82, 0x30, 0x41, 0x14, 0xB4, 0x50, 0x02, 0x6C, 0x4F, 0xEE, 0x0E, 0xB9, 0xE9, 0x4A,
    0x00, 0x1D, 0x05, 0x14, 0x50, 0x00, 0x40, 0x3D, 0x45, 0x20, 0x44, 0x07, 0x21, 0x07, 0xE5, 0x4B,
    0x45, 0x00, 0x23, 0x22, 0x37, 0xDE, 0x40, 0x78, 0xC7, 0x22, 0x98, 0x62, 0xCC, 0x85, 0xF6, 0x0E,
    0x47, 0x5A, 0x92, 0x8A, 0x00, 0x66, 0xC6, 0x1C, 0x01, 0x4E, 0xDA, 0xB9, 0xCE, 0xD1, 0x9F, 0x5C,
    0x52, 0xD1, 0x40, 0x0D, 0x78, 0xC1, 0x39, 0x08, 0x3A, 0x60, 0xF1, 0xDA, 0x9B, 0xE5, 0x72, 0x0E,
    0xC1, 0x91, 0xD0, 0xFA, 0x54, 0x94, 0x50, 0x03, 0x16, 0x30, 0x3A, 0xA0, 0xC6, 0x38, 0xE2, 0x9C,
    0x51, 0x08, 0xC1, 0x51, 0x8F, 0x4C, 0x52, 0xD1, 0x40, 0x08, 0x15, 0x41, 0xC8, 0x51, 0x9F, 0x5C,
    0x52, 0xD1, 0x45, 0x00, 0x26, 0xD5, 0xF4, 0x14, 0x79, 0x69, 0x90, 0xDB, 0x06, 0x47, 0x43, 0x8E,
    0x94, 0xB4, 0x50, 0x01, 0x81, 0xE8, 0x28, 0x20, 0x1E, 0xA2, 0x8A, 0x28, 0x01, 0x02, 0xA8, 0xE8,
    0xA0, 0x7D, 0x05, 0x05, 0x54, 0xF5, 0x51, 0xCF, 0x5E, 0x29, 0x68, 0xA0, 0x04, 0x08, 0x83, 0x90,
    0x80, 0x7E, 0x14, 0xB4, 0x51, 0x40, 0x08, 0x23, 0x40, 0x72, 0x10, 0x7E, 0x54, 0x8C, 0x9C, 0x82,
    0xAB, 0x4E, 0xA2, 0x80, 0x19, 0xB0, 0x93, 0x92, 0xB4, 0xFC, 0x0F, 0x4A, 0x28, 0xA0, 0x02, 0x8A,
    0x28, 0xA0, 0x02, 0x8A, 0x28, 0xA0, 0x02, 0x8A, 0x28, 0xA0, 0x02, 0x8A, 0x28, 0xA0, 0x02, 0x8A,
    0x28, 0xA0, 0x02, 0x8A, 0x28, 0xA0, 0x02, 0x8A, 0x28, 0xA0, 0x02, 0x8A, 0x28, 0xA0, 0x02, 0x8A,
    0x28, 0xA0, 0x02, 0x8A, 0x28, 0xA0, 0x02, 0x8A, 0x28, 0xA0, 0x02, 0x8A, 0x28, 0xA0, 0x02, 0x8A,
    0x28, 0xA0, 0x02, 0x8A, 0x28, 0xA0, 0x02, 0x8A, 0x28, 0xA0, 0x02, 0x8A, 0x28, 0xA0, 0x02, 0x8A,
    0x28, 0xA0, 0x02, 0x8A, 0x28, 0xA0, 0x02, 0x8A, 0x28, 0xA0, 0x02, 0x8A, 0x28, 0xA0, 0x02, 0x8A,
    0x28, 0xA0, 0x02, 0x8A, 0x28, 0xA0, 0x02, 0x8A, 0x28, 0xA0, 0x02, 0x8A, 0x28, 0xA0, 0x02, 0x8A,
    0x28, 0xA0, 0x02, 0x8A, 0x28, 0xA0, 0x02, 0x8A, 0x28, 0xA0, 0x02, 0x8A, 0x28, 0xA0, 0x02, 0x8A,
    0x28, 0xA0, 0x02, 0x8A, 0x28, 0xA0, 0x02, 0x8A, 0x28, 0xA0, 0x02, 0x8A, 0x28, 0xA0, 0x02, 0x8A,
    0x28, 0xA0, 0x02, 0x8A, 0x28, 0xA0, 0x02, 0x8A, 0x28, 0xA0, 0x02, 0x8A, 0x28, 0xA0, 0x02, 0x8A,
    0x28, 0xA0, 0x02, 0x8A, 0x28, 0xA0, 0x02, 0x8A, 0x28, 0xA0, 0x02, 0x8A, 0x28, 0xA0, 0x02, 0x8A,
    0x28, 0xA0, 0x02, 0x8A, 0x28, 0xA0, 0x02, 0x8A, 0x28, 0xA0, 0x02, 0x8A, 0x28, 0xA0, 0x02, 0x8A,
    0x28, 0xA0, 0x02, 0x8A, 0x28, 0xA0, 0x02, 0x8A, 0x28, 0xA0, 0x02, 0x8A, 0x28, 0xA0, 0x02, 0x8A,
    0x28, 0xA0, 0x02, 0x8A, 0x28, 0xA0, 0x02, 0x8A, 0x28, 0xA0, 0x02, 0x8A, 0x28, 0xA0, 0x02, 0x8A,
    0x28, 0xA0, 0x02, 0x8A, 0x28, 0xA0, 0x02, 0x8A, 0x28, 0xA0, 0x02, 0x8A, 0x28, 0xA0, 0x02, 0x8A,
    0x28, 0xA0, 0x02, 0x8A, 0x28, 0xA0, 0x02, 0x8A, 0x28, 0xA0, 0x02, 0x8A, 0x28, 0xA0, 0x02, 0x8A,
    0x28, 0xA0, 0x02, 0x8A, 0x28, 0xA0, 0x02, 0x8A, 0x28, 0xA0, 0x02, 0x8A, 0x28, 0xA0, 0x02, 0x8A,
    0x28, 0xA0, 0x02, 0x8A, 0x28, 0xA0, 0x02, 0x8A, 0x28, 0xA0, 0x02, 0x8A, 0x28, 0xA0, 0x02, 0x8A,
    0x28, 0xA0, 0x02, 0x8A, 0x28, 0xA0, 0x02, 0x8A, 0x28, 0xA0, 0x02, 0x8A, 0x28, 0xA0, 0x02, 0x8A,
    0x28, 0xA0, 0x02, 0x8A, 0x28, 0xA0, 0x02, 0x8A, 0x28, 0xA0, 0x02, 0x8A, 0x28, 0xA0, 0x02, 0x8A,
    0x28, 0xA0, 0x02, 0x8A, 0x28, 0xA0, 0x02, 0x8A, 0x28, 0xA0, 0x02, 0x8A, 0x28, 0xA0, 0x02, 0x8A,
    0x28, 0xA0, 0x02, 0x8A, 0x28, 0xA0, 0x02, 0x8A, 0x28, 0xA0, 0x0F, 0xE3, 0x2E, 0x8A, 0x28, 0xAE,
    0x83, 0xCF, 0x0A, 0x28, 0xA2, 0x80, 0x0A, 0x28, 0xA2, 0x80, 0x0A, 0x28, 0xA2, 0x80, 0x0A, 0x28,
    0xA2, 0x80, 0x0A, 0x28, 0xA2, 0x80, 0x0A, 0x28, 0xA2, 0x80, 0x0A, 0x28, 0xA2, 0x80, 0x0A, 0x28,
    0xA2, 0x80, 0x0A, 0x28, 0xA2, 0x80, 0x0A, 0x28, 0xA2, 0x80, 0x0A, 0x28, 0xA2, 0x80, 0x0A, 0x28,
    0xA2, 0x80, 0x0A, 0x28, 0xA2, 0x80, 0x0A, 0x28, 0xA2, 0x80, 0x0A, 0x28, 0xA2, 0x80, 0x0A, 0x28,
    0xA2, 0x80, 0x0A, 0x28, 0xA2, 0x80, 0x0A, 0x28, 0xA2, 0x80, 0x0A, 0x28, 0xA2, 0x80, 0x0A, 0x28,
    0xA2, 0x80, 0x0A, 0x28, 0xA2, 0x80, 0x0A, 0x28, 0xA2, 0x80, 0x0A, 0x28, 0xA2, 0x80, 0x0A, 0x28,
    0xA2, 0x80, 0x0A, 0x28, 0xA2, 0x80, 0x0A, 0x28, 0xA2, 0x80, 0x0A, 0x28, 0xA2, 0x80, 0x0A, 0x28,
    0xA2, 0x80, 0x0A, 0x28, 0xA2, 0x80, 0x0A, 0x28, 0xA2, 0x80, 0x0A, 0x28, 0xA2, 0x80, 0x0A, 0x28,
    0xA2, 0x80, 0x0A, 0x28, 0xA2, 0x80, 0x0A, 0x28, 0xA2, 0x80, 0x0A, 0x28, 0xA2, 0x80, 0x0A, 0x28,
    0xA2, 0x80, 0x0A, 0x28, 0xA2, 0x80, 0x0A, 0x28, 0xA2, 0x80, 0x0A, 0x28, 0xA2, 0x80, 0x0A, 0x28,
    0xA2, 0x80, 0x0A, 0x28, 0xA2, 0x80, 0x0A, 0x28, 0xA2, 0x80, 0x0A, 0x28, 0xA2, 0x80, 0x0A, 0x28,
    0xA2, 0x80, 0x0A, 0x28, 0xA2, 0x80, 0x0A, 0x28, 0xA2, 0x80, 0x0A, 0x28, 0xA2, 0x80, 0x0A, 0x28,
    0xA2, 0x80, 0x0A, 0x28, 0xA2, 0x80, 0x0A, 0x28, 0xA2, 0x80, 0x0A, 0x28, 0xA2, 0x80, 0x0A, 0x28,
    0xA2, 0x80, 0x0A, 0x28, 0xA2, 0x80, 0x0A, 0x28, 0xA2, 0x80, 0x0A, 0x28, 0xA2, 0x80, 0x0A, 0x28,
    0xA2, 0x80, 0x0A, 0x28, 0xA2, 0x80, 0x0A, 0x28, 0xA2, 0x80, 0x0A, 0x28, 0xA2, 0x80, 0x0A, 0x28,
    0xA2, 0x80, 0x0A, 0x28, 0xA2, 0x80, 0x0A, 0x28, 0xA2, 0x80, 0x0A, 0x28, 0xA2, 0x80, 0x0A, 0x28,
    0xA2, 0x80, 0x0A, 0x28, 0xA2, 0x80, 0x0A, 0x28, 0xA2, 0x80, 0x0A, 0x28, 0xA2, 0x80, 0x0A, 0x28,
    0xA2, 0x80, 0x0A, 0x28, 0xA2, 0x80, 0x0A, 0x28, 0xA2, 0x80, 0x0A, 0x28, 0xA2, 0x80, 0x0A, 0x28,
    0xA2, 0x80, 0x0A, 0x28, 0xA2, 0x80, 0x0A, 0x28, 0xA2, 0x80, 0x0A, 0x28, 0xA2, 0x80, 0x0A, 0x28,
    0xA2, 0x80, 0x0A, 0x28, 0xA2, 0x80, 0x0A, 0x28, 0xA2, 0x80, 0x0A, 0x28, 0xA2, 0x80, 0x0A, 0x28,
    0xA2, 0x80, 0x0A, 0x28, 0xA2, 0x80, 0x0A, 0x28, 0xA2, 0x80, 0x0A, 0x28, 0xA2, 0x80, 0x0A, 0x28,
    0xA2, 0x80, 0x0A, 0x28, 0xA2, 0x80, 0x0A, 0x28, 0xA2, 0x80, 0x0A, 0x28, 0xA2, 0x80, 0x0A, 0x28,
    0xA2, 0x80, 0x0A, 0x28, 0xA2, 0x80, 0x0A, 0x28, 0xA2, 0x80, 0x0A, 0x28, 0xA2, 0x80, 0x0A, 0x28,
    0xA2, 0x80, 0x0A, 0x28, 0xA2, 0x80, 0x0A, 0x28, 0xA2, 0x80, 0x0A, 0x28, 0xA2, 0x80, 0x0A, 0x28,
    0xA2, 0x80, 0x0A, 0x28, 0xA2, 0x80, 0x0A, 0x28, 0xA2, 0x80, 0x0A, 0x28, 0xA2, 0x80, 0x3F, 0xFF,
    0xD9
};